;count;word
0;4;abandon
1;9;abandoned
2;2;abandoning
3;3;abandonment
4;2;abatement
5;2;abbas
6;2;abilities
7;10;ability
8;2;abkhazi
9;2;abkhazian
10;51;able
11;7;abnormal
12;2;abnormally
13;161;aboard
14;17;abort
15;55;aborted
16;3;aborting
17;10;abrupt
18;5;abruptly
19;14;absence
20;2;abu
21;2;ac
22;3;accelerated
23;9;acceleration
24;2;acceptable
25;3;accepted
26;3;access
27;4;accessory
28;341;accident
29;4;accidental
30;11;accidentally
31;2;accidently
32;8;accidents
33;5;accompanied
34;2;accomplish
35;11;accordance
36;8;according
37;3;account
38;3;accretion
39;5;accumulated
40;12;accumulation
41;4;accurate
42;4;accurately
43;3;accused
44;3;achieve
45;2;acknowledged
46;4;acme
47;3;acquire
48;2;acquitted
49;15;across
50;6;act
51;4;acted
52;56;action
53;14;actions
54;8;activated
55;7;activation
56;3;active
57;22;activity
58;5;actor
59;10;actress
60;6;actual
61;8;actually
62;3;actuation
63;2;actuator
64;3;ad
65;2;adak
66;3;adana
67;3;adapter
68;2;added
69;20;addition
70;3;additional
71;2;address
72;2;adelaide
73;62;adequate
74;13;adequately
75;3;adf
76;8;adhere
77;6;adherence
78;4;adhesive
79;2;adi
80;11;adjacent
81;4;adjustment
82;2;adler
83;10;administration
84;2;adoption
85;3;advanced
86;161;adverse
87;3;adversely
88;2;advice
89;3;advise
90;11;advised
91;2;advisories
92;3;advisory
93;5;aerial
94;7;aerobatics
95;4;aerodrome
96;2;aerodynamiloads
97;5;aerodynamistall
98;3;aeronautics
99;7;afb
100;8;affected
101;10;afghan
102;3;afloat
103;2;africa
104;4;african
105;32;aft
106;2;afterwards
107;2;agana
108;2;agency
109;2;agent
110;5;aggravated
111;6;agl
112;2;agreed
113;10;ahead
114;8;aid
115;2;aide
116;15;aids
117;16;aileron
118;6;ailerons
119;334;air
120;44;airborne
121;5;airbus
122;2484;aircraft
123;2;aircrew
124;6;aires
125;25;airfield
126;16;airframe
127;15;airline
128;62;airliner
129;23;airlines
130;2;airmanship
131;163;airplane
132;6;airplanes
133;629;airport
134;4;airports
135;8;airship
136;11;airspace
137;76;airspeed
138;16;airstrip
139;14;airway
140;12;airways
141;4;airworthiness
142;2;akron
143;5;al
144;2;alabama
145;2;alamosa
146;8;alarm
147;11;alaska
148;3;albany
149;4;albuquerque
150;15;alcohol
151;3;alcoholiimpairment
152;15;alert
153;3;alertness
154;2;alexandria
155;3;algeria
156;2;algiers
157;2;align
158;2;aligned
159;2;aligning
160;6;alignment
161;3;alititude
162;2;alitiude
163;3;alive
164;2;allegations
165;5;allied
166;7;allow
167;38;allowed
168;12;allowing
169;26;almost
170;3;aloha
171;3;alone
172;55;along
173;3;alps
174;2;already
175;49;also
176;30;alternate
177;26;although
178;31;altimeter
179;7;altimeters
180;2;altimiter
181;4;altitiude
182;611;altitude
183;4;altitudes
184;2;alto
185;7;amazon
186;3;amber
187;2;ambient
188;2;ambiguous
189;16;ambulance
190;2;amelia
191;23;american
192;3;amman
193;29;among
194;8;amount
195;2;amounts
196;2;amritsar
197;2;amsterdam
198;4;analysis
199;3;anchor
200;3;anchorage
201;2;anchored
202;2;andean
203;18;andes
204;16;angeles
205;33;angle
206;2;angles
207;5;ankara
208;2;announced
209;2;anomalies
210;3;anomaly
211;60;another
212;2;anson
213;9;antenna
214;2;antennas
215;30;anti
216;2;anticipated
217;2;antonio
218;4;antonov
219;2;anything
220;21;apart
221;5;apartment
222;8;apparent
223;16;apparently
224;22;appeared
225;4;appears
226;2;apple
227;13;application
228;29;applied
229;6;apply
230;4;applying
231;7;apporach
232;2;appreciate
233;944;approach
234;16;approached
235;11;approaches
236;44;approaching
237;4;appropriate
238;4;approval
239;28;approved
240;2;approx
241;65;approximately
242;2;apron
243;2;apu
244;2;arabian
245;2;arcing
246;247;area
247;11;areas
248;2;arkansas
249;3;arm
250;5;armed
251;4;arms
252;14;army
253;162;around
254;6;arrest
255;6;arrested
256;10;arrival
257;5;arrive
258;2;arrived
259;3;arriving
260;2;artcc
261;14;artificial
262;3;ascend
263;2;ascended
264;2;ascending
265;2;ask
266;11;asked
267;2;asphyxiated
268;20;assembly
269;2;assessed
270;4;assessment
271;14;assigned
272;4;assistance
273;25;associated
274;4;assumed
275;2;assumption
276;2;assumptions
277;2;assurance
278;8;assure
279;2;assured
280;2;aswan
281;8;asymmetrical
282;2;asymmetripower
283;3;asymmetry
284;90;atc
285;9;athens
286;3;atlantic
287;30;atlantiocean
288;3;atmosphericonditions
289;3;atop
290;5;atr
291;2;ats
292;2;attach
293;3;attached
294;8;attachment
295;2;attachments
296;14;attack
297;5;attacked
298;5;attain
299;9;attained
300;6;attaining
301;15;attemping
302;141;attempt
303;155;attempted
304;433;attempting
305;27;attempts
306;2;attend
307;13;attendant
308;4;attendants
309;2;attended
310;16;attention
311;97;attitude
312;2;attract
313;21;attributed
314;2;audible
315;3;aurora
316;2;australia
317;3;authorities
318;4;authority
319;3;authorization
320;13;authorized
321;9;auto
322;2;autobrake
323;7;autofeather
324;2;automated
325;2;automatically
326;2;automatidirection
327;3;automobile
328;26;autopilot
329;2;autorotation
330;4;autothrottle
331;5;auxiliary
332;3;availability
333;38;available
334;3;avalanche
335;2;average
336;31;aviation
337;3;aviator
338;75;avoid
339;11;avoidance
340;3;avoided
341;3;avoiding
342;3;avro
343;2;awake
344;6;aware
345;19;awareness
346;29;away
347;4;azores
348;83;back
349;2;backed
350;3;backup
351;2;baco
352;27;bad
353;2;bag
354;22;baggage
355;5;baghdad
356;2;bahia
357;2;bahrain
358;11;balance
359;2;balancing
360;2;bali
361;5;ball
362;2;balloon
363;3;baltimore
364;2;baltisea
365;2;ban
366;10;band
367;2;bandar
368;4;bang
369;4;bangkok
370;2;bangui
371;62;bank
372;38;banked
373;7;banking
374;3;banks
375;2;bar
376;3;barbara
377;5;barely
378;2;bari
379;8;barrier
380;2;barth
381;63;base
382;2;baseball
383;9;based
384;2;bates
385;5;batteries
386;5;battery
387;2;battling
388;4;batumi
389;45;bay
390;18;beach
391;13;beacon
392;2;beacons
393;15;bearing
394;3;bearings
395;3;beaver
396;72;became
397;9;become
398;21;becoming
399;2;bed
400;5;beech
401;7;beechcraft
402;70;began
403;3;begin
404;6;beginning
405;2;behalf
406;2;behavior
407;8;behind
408;3;beirut
409;2;belem
410;3;belgrade
411;2;belief
412;4;believe
413;21;believed
414;3;believing
415;5;bell
416;12;belly
417;2;belo
418;2;belonged
419;3;belt
420;4;belts
421;3;ben
422;3;beneath
423;4;berlin
424;5;bermuda
425;2;bernardino
426;2;bert
427;3;beside
428;2;besides
429;2;best
430;4;beta
431;2;better
432;47;beyond
433;5;big
434;2;bill
435;3;binstock
436;7;bird
437;5;birds
438;2;birthday
439;13;black
440;31;blade
441;15;blades
442;6;blame
443;3;blamed
444;2;blanc
445;2;blanca
446;5;blast
447;2;bleed
448;13;blew
449;12;blind
450;5;blinding
451;3;blizzard
452;3;blocked
453;2;blocking
454;2;blocks
455;5;blood
456;2;blow
457;6;blowing
458;12;blown
459;2;blue
460;2;bluefields
461;3;bluff
462;2;boac
463;21;board
464;2;boarded
465;3;boarding
466;16;boat
467;2;boats
468;15;bodies
469;8;body
470;18;boeing
471;8;bogota
472;3;bolivar
473;2;bolivian
474;12;bolt
475;14;bolts
476;44;bomb
477;2;bombay
478;5;bomber
479;3;bombers
480;3;bombing
481;3;bombs
482;3;book
483;5;boom
484;3;boost
485;2;booster
486;2;boot
487;2;boots
488;2;bopper
489;12;border
490;2;bosnia
491;3;boston
492;2;bottles
493;10;bottom
494;2;boulder
495;6;bounce
496;24;bounced
497;20;bound
498;2;boundaries
499;8;boundary
500;3;boundry
501;5;bourget
502;2;bow
503;3;bowl
504;13;box
505;2;boxing
506;12;boy
507;3;bozeman
508;11;brake
509;11;brakes
510;13;braking
511;2;brasilia
512;5;brazilian
513;4;brazzaville
514;23;break
515;3;breakdown
516;2;breaker
517;18;breaking
518;4;breakup
519;2;brega
520;5;bridge
521;8;briefing
522;3;briefly
523;2;bring
524;2;bristol
525;18;british
526;172;broke
527;13;broken
528;3;brother
529;18;brought
530;3;brown
531;2;brush
532;2;brushed
533;3;buckled
534;2;buddy
535;6;buenos
536;3;buffalo
537;3;buffeting
538;3;build
539;52;building
540;8;buildings
541;3;built
542;3;bukavu
543;2;bulgarian
544;5;bulkhead
545;2;bulletin
546;13;burbank
547;3;buried
548;5;burn
549;156;burned
550;5;burning
551;95;burst
552;25;bursting
553;9;bus
554;3;bush
555;8;business
556;3;butte
557;2;buzzing
558;3;caa
559;78;cabin
560;9;cable
561;11;cables
562;2;cagay
563;2;cairns
564;12;cairo
565;2;calapan
566;2;calculated
567;4;calculations
568;2;calgary
569;4;cali
570;10;california
571;11;call
572;5;called
573;2;callouts
574;4;calls
575;3;calm
576;64;came
577;4;camp
578;2;campaign
579;3;campbell
580;8;canada
581;3;canadair
582;9;canadian
583;5;canal
584;3;cane
585;3;cannot
586;2;canoe
587;49;canyon
588;3;cap
589;6;capability
590;3;capacity
591;5;cape
592;6;capital
593;2;capsule
594;256;captain
595;13;car
596;5;caracas
597;10;carbon
598;10;carburetor
599;2;carelessness
600;476;cargo
601;7;caribbean
602;2;carlos
603;2;carolina
604;23;carried
605;10;carrier
606;15;carry
607;74;carrying
608;7;cars
609;4;cart
610;2;carthage
611;10;cartwheeled
612;4;casablanca
613;7;case
614;27;cashed
615;2;caspian
616;2;castle
617;2;casual
618;3;casualties
619;4;catastrophifailure
620;5;catch
621;5;catching
622;2;cauayan
623;128;caught
624;2;causal
625;186;cause
626;233;caused
627;6;causes
628;121;causing
629;3;caution
630;3;cebu
631;2;cecilia
632;51;ceiling
633;16;ceilings
634;3;cell
635;6;cemetery
636;52;center
637;11;centerline
638;7;central
639;7;cerro
640;3;certain
641;3;certainty
642;4;certificate
643;8;certification
644;10;certified
645;2;ceskoslovenske
646;50;cessna
647;2;cf
648;2;cg
649;2;ch
650;2;chafed
651;5;chain
652;2;chairman
653;4;champion
654;16;change
655;10;changed
656;2;changes
657;7;changing
658;13;channel
659;9;characteristics
660;2;charge
661;3;charged
662;3;charges
663;4;charles
664;2;charleston
665;6;chart
666;20;charter
667;11;chartered
668;7;charts
669;33;check
670;2;checked
671;2;checking
672;18;checklist
673;5;cheyenne
674;12;chicago
675;7;chief
676;6;child
677;9;children
678;3;chile
679;8;china
680;5;chinese
681;2;chingshan
682;2;chino
683;3;chinook
684;3;choose
685;12;chose
686;2;chosen
687;2;christians
688;2;chunking
689;2;chunks
690;3;cigarette
691;9;cincinnati
692;5;circle
693;15;circled
694;2;circles
695;25;circling
696;11;circuit
697;8;circumstances
698;2;citation
699;3;cities
700;55;city
701;2;ciudad
702;8;civil
703;10;civilian
704;4;civilians
705;2;civilization
706;2;claim
707;8;claimed
708;2;clarence
709;2;clark
710;3;cleaning
711;50;clear
712;102;clearance
713;2;clearances
714;35;cleared
715;4;clearing
716;4;clearly
717;2;clemente
718;3;cleveland
719;2;clevis
720;17;cliff
721;4;cliffs
722;121;climb
723;28;climbed
724;50;climbing
725;8;climbout
726;7;cline
727;18;clipped
728;32;clipper
729;4;clipping
730;24;close
731;18;closed
732;6;closure
733;52;cloud
734;72;clouds
735;2;cloudy
736;4;club
737;2;clutch
738;49;co
739;2;coach
740;31;coast
741;2;cocaine
742;75;cockpit
743;3;coconut
744;3;coin
745;4;cold
746;8;collapse
747;13;collapsed
748;3;collapsing
749;152;collided
750;8;colliding
751;149;collision
752;5;colombian
753;2;colombo
754;2;colon
755;3;colorado
756;4;columbia
757;4;column
758;2;columnist
759;3;combat
760;18;combination
761;4;combined
762;3;combustion
763;2;combustor
764;7;come
765;21;coming
766;80;command
767;3;commanded
768;7;commander
769;4;commenced
770;2;commencement
771;15;commercial
772;2;commit
773;2;commitment
774;6;committed
775;3;committing
776;4;communicate
777;2;communicating
778;15;communication
779;13;communications
780;3;communist
781;5;commuter
782;49;company
783;3;comparator
784;21;compartment
785;11;compass
786;3;compensate
787;2;compensation
788;3;compensator
789;27;complete
790;4;completed
791;3;completely
792;5;completing
793;2;complex
794;8;compliance
795;2;complied
796;9;comply
797;6;component
798;4;components
799;12;compressor
800;10;computer
801;3;concentrated
802;2;concept
803;4;concern
804;5;concerning
805;6;concluded
806;2;concorde
807;6;concrete
808;54;condition
809;3;conditioning
810;540;conditions
811;12;conditons
812;10;condtions
813;7;conducive
814;11;conduct
815;11;conducted
816;6;conducting
817;2;conductor
818;2;confessed
819;2;confidence
820;2;configueration
821;12;configuration
822;3;configure
823;2;configured
824;4;confined
825;3;confines
826;2;confirm
827;2;conflict
828;5;conflicting
829;2;conform
830;3;confronted
831;3;confused
832;4;confusing
833;5;confusion
834;3;congested
835;2;congo
836;3;congolese
837;2;congonhas
838;3;congressman
839;2;connected
840;6;connecting
841;5;connection
842;4;connie
843;2;consciousness
844;2;consecutive
845;3;consequence
846;2;consequences
847;2;consequent
848;3;consequently
849;2;considerable
850;4;considerably
851;5;considered
852;2;considering
853;3;consistent
854;5;consisting
855;2;constance
856;6;constellation
857;6;construction
858;2;consumed
859;3;consumption
860;82;contact
861;19;contacted
862;2;contain
863;3;contained
864;3;container
865;4;contaminated
866;23;contamination
867;2;continental
868;9;continuation
869;42;continue
870;169;continued
871;13;continuing
872;2;continuous
873;3;contol
874;3;contract
875;2;contracted
876;2;contradictory
877;6;contrary
878;19;contributed
879;159;contributing
880;4;contributory
881;505;control
882;2;controllability
883;23;controlled
884;29;controller
885;12;controllers
886;7;controlling
887;54;controls
888;2;controversy
889;7;convair
890;2;convent
891;2;conversation
892;3;convicted
893;2;cook
894;23;coordination
895;2;copenhagen
896;29;copilot
897;2;cordova
898;2;core
899;2;cores
900;10;corn
901;3;corporation
902;3;corps
903;30;correct
904;15;corrected
905;4;correction
906;4;corrective
907;12;correctly
908;2;correlation
909;2;corroded
910;14;corrosion
911;104;could
912;5;couldn
913;2;counted
914;3;counter
915;3;counteract
916;6;country
917;8;county
918;5;coupled
919;4;coupling
920;125;course
921;4;court
922;10;cover
923;2;coverage
924;35;covered
925;5;covering
926;2;cowboy
927;3;cowl
928;2;cowling
929;16;crack
930;3;cracking
931;14;cracks
932;2;craft
933;4;crane
934;2;crank
935;2;crankshaft
936;185;crash
937;2;crashd
938;3215;crashed
939;6;crashes
940;59;crashing
941;5;crater
942;9;created
943;2;creating
944;5;creek
945;812;crew
946;3;crewmembers
947;21;crews
948;2;crime
949;2;criminal
950;2;cristobal
951;3;criteria
952;37;critical
953;2;critically
954;2;croce
955;2;croix
956;22;cross
957;10;crossed
958;2;crossfeed
959;6;crossing
960;4;crosswind
961;4;crosswinds
962;4;crowd
963;3;crucial
964;26;cruise
965;22;cruising
966;3;crushed
967;2;crusing
968;2;cruz
969;2;cubuk
970;7;cues
971;3;culminating
972;2;culvert
973;5;cumulonimbus
974;3;curitiba
975;6;current
976;3;currents
977;4;cushions
978;9;cut
979;2;cutter
980;2;cutting
981;3;cv
982;2;cvr
983;2;cyanide
984;21;cylinder
985;5;da
986;2;daily
987;4;dakota
988;2;dalian
989;6;dallas
990;3;dam
991;31;damage
992;18;damaged
993;8;damaging
994;5;damascus
995;4;danger
996;8;dangerous
997;9;dangerously
998;39;dark
999;21;darkness
1000;15;data
1001;3;daughter
1002;17;day
1003;4;daylight
1004;39;days
1005;2;daytime
1006;94;dc
1007;58;de
1008;2;deactivated
1009;8;dead
1010;3;deal
1011;5;dean
1012;9;death
1013;6;deaths
1014;17;debris
1015;2;decayed
1016;2;deceleration
1017;2;decent
1018;46;decided
1019;4;deciding
1020;132;decision
1021;8;decisions
1022;4;deck
1023;2;declare
1024;16;declared
1025;5;declaring
1026;14;decompression
1027;2;decrease
1028;3;decreased
1029;5;deep
1030;3;defect
1031;11;defective
1032;2;defence
1033;7;defense
1034;13;deficiencies
1035;5;deficient
1036;2;defined
1037;3;definitely
1038;2;deflected
1039;4;deflection
1040;6;deg
1041;2;degradation
1042;6;degraded
1043;34;degree
1044;45;degrees
1045;3;deice
1046;5;deicing
1047;6;del
1048;7;delay
1049;17;delayed
1050;2;delays
1051;5;delhi
1052;4;deliberate
1053;7;deliberately
1054;3;delivering
1055;5;delivery
1056;6;delta
1057;2;demand
1058;3;demanded
1059;2;demolished
1060;3;demonstration
1061;34;dense
1062;2;densely
1063;5;density
1064;2;densly
1065;15;denver
1066;3;depart
1067;19;departed
1068;13;departing
1069;43;departure
1070;2;dependents
1071;2;depiction
1072;3;deploy
1073;6;deployed
1074;7;deployment
1075;2;depot
1076;2;deprived
1077;2;derry
1078;3;des
1079;45;descend
1080;144;descended
1081;96;descending
1082;234;descent
1083;4;described
1084;16;desert
1085;46;design
1086;2;designated
1087;9;designed
1088;23;despite
1089;63;destination
1090;53;destroyed
1091;9;destroying
1092;4;destruction
1093;3;detach
1094;7;detached
1095;3;detachment
1096;19;detect
1097;10;detected
1098;2;detecting
1099;6;detection
1100;3;deteriorated
1101;27;deteriorating
1102;4;deterioration
1103;20;determine
1104;41;determined
1105;5;determining
1106;7;detonated
1107;33;detonation
1108;3;detroit
1109;3;develop
1110;22;developed
1111;6;developing
1112;2;development
1113;2;deviate
1114;18;deviated
1115;5;deviating
1116;24;deviation
1117;2;deviations
1118;27;device
1119;2;devices
1120;2;devil
1121;2;dhabi
1122;2;diameter
1123;13;didn
1124;35;died
1125;4;diego
1126;10;different
1127;7;difficult
1128;9;difficulties
1129;12;difficulty
1130;4;dioxide
1131;3;dip
1132;10;direct
1133;3;directed
1134;3;directing
1135;34;direction
1136;16;directional
1137;10;directives
1138;11;directly
1139;8;director
1140;2;directorate
1141;2;dirigible
1142;5;dirt
1143;7;disabled
1144;3;disabling
1145;3;disagreed
1146;2;disagreement
1147;93;disappeared
1148;4;disappearing
1149;9;disaster
1150;2;disc
1151;2;discharge
1152;4;discharged
1153;8;discipline
1154;7;disconnected
1155;2;disconnecting
1156;4;disconnection
1157;8;discontinue
1158;2;discontinued
1159;2;discontinuing
1160;14;discovered
1161;2;discrepancies
1162;3;disengaged
1163;2;disengagement
1164;2;disin
1165;3;disintegrate
1166;27;disintegrated
1167;2;disintegrating
1168;9;disintegration
1169;4;disk
1170;53;disorientation
1171;21;disoriented
1172;4;dispatch
1173;5;dispatched
1174;2;dispatcher
1175;2;dispatching
1176;2;displacement
1177;3;display
1178;2;displayed
1179;10;disregard
1180;4;disregarded
1181;31;distance
1182;8;distracted
1183;4;distracting
1184;8;distraction
1185;2;distractions
1186;17;distress
1187;2;distributed
1188;8;district
1189;27;ditch
1190;63;ditched
1191;16;ditching
1192;75;dive
1193;15;dived
1194;2;divergent
1195;7;diversion
1196;28;divert
1197;51;diverted
1198;12;diverting
1199;7;diving
1200;3;division
1201;12;dme
1202;3;documentation
1203;3;dollars
1204;2;dome
1205;12;domestiflight
1206;2;domodedovo
1207;3;done
1208;2;dong
1209;45;door
1210;7;doors
1211;2;dorado
1212;2;dornacker
1213;4;dorval
1214;15;double
1215;8;douglas
1216;11;dove
1217;15;downdraft
1218;16;downdrafts
1219;2;downdraught
1220;4;downward
1221;6;downwind
1222;18;drag
1223;4;dragged
1224;2;dragging
1225;3;drain
1226;6;drainage
1227;7;drift
1228;17;drifted
1229;4;drifting
1230;4;drilling
1231;6;drive
1232;3;driven
1233;7;driver
1234;3;driving
1235;7;drizzle
1236;14;drop
1237;24;dropped
1238;6;dropping
1239;2;drops
1240;16;drowned
1241;3;drowning
1242;4;drug
1243;4;drugs
1244;4;drum
1245;2;drunken
1246;6;dry
1247;2;dual
1248;2;dubai
1249;312;due
1250;2;dug
1251;2;duke
1252;5;dulles
1253;6;dum
1254;3;dump
1255;2;dumping
1256;2;dune
1257;4;dust
1258;7;dutch
1259;7;duties
1260;8;duty
1261;4;dyke
1262;5;dynamite
1263;2;eachother
1264;3;eagle
1265;5;eal
1266;2;earhart
1267;10;earlier
1268;14;early
1269;18;earth
1270;5;earthquake
1271;2;easily
1272;50;east
1273;2;easterly
1274;9;eastern
1275;4;ecuador
1276;20;edge
1277;3;edward
1278;21;effect
1279;5;effected
1280;5;effective
1281;3;effectively
1282;4;effectiveness
1283;12;effects
1284;2;efficiency
1285;2;effort
1286;2;efforts
1287;3;egypt
1288;2;egyptian
1289;18;eight
1290;3;eighteen
1291;2;eighty
1292;29;either
1293;10;ejected
1294;24;el
1295;5;elected
1296;2;electing
1297;44;electrical
1298;29;elevation
1299;70;elevator
1300;5;elevators
1301;11;eleven
1302;2;elizabeth
1303;4;elk
1304;2;elliot
1305;2;elmendorf
1306;3;emanating
1307;2;emb
1308;18;embankment
1309;2;embedded
1310;2;embraer
1311;264;emergency
1312;2;empennage
1313;2;employed
1314;2;employee
1315;3;employees
1316;3;empress
1317;3;empty
1318;2;ems
1319;403;en
1320;2;enable
1321;18;encounter
1322;48;encountered
1323;39;encountering
1324;93;end
1325;3;ending
1326;3;ene
1327;13;enemy
1328;3;energy
1329;3;enforce
1330;14;engaged
1331;2;engagement
1332;946;engine
1333;20;engineer
1334;175;engines
1335;9;england
1336;15;english
1337;9;enough
1338;5;enroute
1339;4;ensued
1340;3;ensuing
1341;16;ensure
1342;17;enter
1343;89;entered
1344;24;entering
1345;2;entertainer
1346;6;entire
1347;2;entrance
1348;6;entry
1349;4;envelope
1350;9;environment
1351;2;environmental
1352;2;epr
1353;32;equipment
1354;14;equipped
1355;2;erebus
1356;2;erie
1357;2;erratiaction
1358;12;erroneous
1359;4;erroneously
1360;247;error
1361;24;errors
1362;9;erupted
1363;9;escape
1364;5;escaped
1365;4;ese
1366;4;esenboga
1367;3;especially
1368;16;establish
1369;19;established
1370;4;establishing
1371;6;estimated
1372;2;estuary
1373;2;ethiopia
1374;2;eucalyptus
1375;2;european
1376;2;evacuate
1377;2;evacuated
1378;2;evacuating
1379;6;evacuation
1380;4;evaluate
1381;5;evaluation
1382;19;evasive
1383;11;even
1384;2;events
1385;2;eventual
1386;24;eventually
1387;12;ever
1388;2;everglades
1389;22;evidence
1390;2;evident
1391;2;exacerbated
1392;7;exact
1393;2;examination
1394;2;exceed
1395;28;exceeded
1396;5;exceeding
1397;3;except
1398;2;exceptionally
1399;11;excess
1400;55;excessive
1401;6;excessively
1402;21;execute
1403;23;executed
1404;18;executing
1405;10;execution
1406;5;executive
1407;22;exercise
1408;6;exercised
1409;8;exercises
1410;10;exhaust
1411;4;exhausted
1412;16;exhaustion
1413;2;exhibited
1414;11;existed
1415;10;existing
1416;5;exit
1417;6;exited
1418;4;exiting
1419;2;expect
1420;4;expected
1421;2;expecting
1422;28;experience
1423;62;experienced
1424;60;experiencing
1425;3;experts
1426;3;explanation
1427;5;explode
1428;99;exploded
1429;13;exploding
1430;55;explosion
1431;3;explosions
1432;33;explosive
1433;2;exposed
1434;2;exposive
1435;6;exposure
1436;10;express
1437;5;extend
1438;30;extended
1439;4;extending
1440;13;extension
1441;4;extent
1442;8;external
1443;2;extinguished
1444;2;extinguishers
1445;3;extra
1446;22;extreme
1447;15;extremely
1448;36;faa
1449;9;face
1450;2;faced
1451;14;facilities
1452;8;facility
1453;10;fact
1454;71;factor
1455;106;factors
1456;3;factory
1457;2;facts
1458;5;fail
1459;317;failed
1460;6;failing
1461;2;failue
1462;881;failure
1463;8;failures
1464;2;fairbanks
1465;2;fairchild
1466;5;fall
1467;13;falling
1468;5;falls
1469;13;false
1470;2;falsely
1471;3;familiar
1472;2;familiarization
1473;5;families
1474;5;family
1475;4;famous
1476;5;fan
1477;14;far
1478;2;fare
1479;2;fargo
1480;12;farm
1481;2;farmhouse
1482;2;farmlands
1483;16;fast
1484;2;fasteners
1485;2;faster
1486;8;fatal
1487;9;fatalities
1488;3;fatality
1489;2;fatally
1490;4;father
1491;117;fatigue
1492;2;fatigued
1493;6;fault
1494;28;faulty
1495;21;feather
1496;29;feathered
1497;14;feathering
1498;2;features
1499;15;federal
1500;5;feed
1501;312;feet
1502;3;felix
1503;40;fell
1504;4;felt
1505;4;female
1506;29;fence
1507;4;ferry
1508;9;ferrying
1509;137;field
1510;2;fields
1511;6;fifteen
1512;5;fifty
1513;7;fight
1514;52;fighter
1515;16;fighters
1516;3;fighting
1517;4;filed
1518;6;filled
1519;2;film
1520;2;filming
1521;2;filter
1522;5;fin
1523;145;final
1524;6;finally
1525;2;finals
1526;9;find
1527;2;finder
1528;2;finding
1529;4;fine
1530;2;finished
1531;2;finland
1532;2;fins
1533;469;fire
1534;2;fireball
1535;10;fired
1536;2;firemen
1537;2;fires
1538;2;firing
1539;114;first
1540;2;fish
1541;4;fishing
1542;8;fitting
1543;43;five
1544;7;fix
1545;59;fl
1546;8;flame
1547;3;flamed
1548;2;flameout
1549;168;flames
1550;3;flammable
1551;3;flange
1552;21;flap
1553;60;flaps
1554;4;flare
1555;3;flash
1556;13;flat
1557;2;flats
1558;12;flaw
1559;193;flew
1560;1176;flight
1561;38;flightcrew
1562;2;flightcrews
1563;2;flightpath
1564;11;flights
1565;6;flipped
1566;18;float
1567;3;floated
1568;5;floats
1569;6;flock
1570;2;flooding
1571;10;floor
1572;3;floors
1573;3;florence
1574;4;florida
1575;3;flotation
1576;4;flow
1577;2;flowed
1578;2;flowers
1579;30;flown
1580;2;fluctuations
1581;4;fluid
1582;5;flutter
1583;2;fluxgate
1584;72;fly
1585;4;flyby
1586;4;flyer
1587;299;flying
1588;2;fms
1589;329;fog
1590;6;foggy
1591;2;fokker
1592;2;folk
1593;82;follow
1594;57;followed
1595;93;following
1596;3;food
1597;22;foot
1598;6;football
1599;5;foothills
1600;6;forcast
1601;61;force
1602;79;forced
1603;28;forces
1604;6;forcing
1605;2;ford
1606;10;forecast
1607;4;foreign
1608;38;forest
1609;8;forested
1610;3;forgot
1611;2;form
1612;14;formation
1613;4;former
1614;13;fort
1615;8;forty
1616;37;forward
1617;142;found
1618;65;four
1619;3;fourteen
1620;11;fourth
1621;2;fpm
1622;22;fracture
1623;5;fractured
1624;2;fractures
1625;3;frame
1626;17;france
1627;2;francis
1628;19;francisco
1629;4;frank
1630;3;franklin
1631;12;free
1632;8;freezing
1633;4;freight
1634;18;french
1635;10;frequency
1636;2;fresh
1637;2;fretting
1638;3;friend
1639;2;friendly
1640;16;front
1641;2;frontal
1642;4;frost
1643;2;froze
1644;9;frozen
1645;411;ft
1646;310;fuel
1647;2;fueled
1648;43;full
1649;10;fully
1650;6;fumes
1651;3;functional
1652;7;functioning
1653;2;fuse
1654;64;fuselage
1655;3;gabriel
1656;48;gain
1657;4;gained
1658;2;gaines
1659;3;gaining
1660;3;gale
1661;3;gander
1662;2;garage
1663;2;gary
1664;12;gas
1665;2;gasbags
1666;7;gasoline
1667;4;gate
1668;3;gauge
1669;3;gaulle
1670;9;gave
1671;139;gear
1672;4;gearbox
1673;2;gears
1674;3;geese
1675;2;gene
1676;12;general
1677;3;generated
1678;12;generator
1679;2;generators
1680;3;geneva
1681;2;geographiand
1682;2;geographical
1683;9;george
1684;2;georgia
1685;16;german
1686;4;germany
1687;13;get
1688;8;getting
1689;2;ghost
1690;2;gilbert
1691;2;gimli
1692;5;girl
1693;2;giusto
1694;6;give
1695;15;given
1696;2;gjz
1697;2;gkl
1698;2;glacial
1699;6;glacier
1700;2;glare
1701;2;glassy
1702;19;glide
1703;2;glided
1704;2;glidepath
1705;2;glider
1706;10;glideslope
1707;2;glinka
1708;160;go
1709;2;goes
1710;18;going
1711;4;gold
1712;7;golf
1713;3;golfer
1714;3;goma
1715;3;gone
1716;2;gonzales
1717;14;good
1718;3;goods
1719;4;gorge
1720;2;goroka
1721;13;got
1722;7;government
1723;9;governor
1724;3;gp
1725;4;gps
1726;2;gpsw
1727;9;gpws
1728;6;gradual
1729;5;gradually
1730;4;graham
1731;8;grand
1732;5;grande
1733;2;grandstands
1734;2;granite
1735;2;grass
1736;2;grassy
1737;2;gravel
1738;32;gravity
1739;12;great
1740;5;greater
1741;2;greek
1742;2;green
1743;7;grenade
1744;6;grenades
1745;11;gross
1746;3;grossly
1747;2;groton
1748;496;ground
1749;2;grounds
1750;11;group
1751;7;grove
1752;3;guadalajara
1753;5;guam
1754;4;guanabara
1755;11;guard
1756;8;guardia
1757;4;guatemala
1758;2;guay
1759;3;guerillas
1760;2;guerrilla
1761;9;guidance
1762;3;guide
1763;4;guidelines
1764;3;guildford
1765;4;guitarist
1766;18;gulf
1767;2;gulfport
1768;4;gun
1769;2;gunfire
1770;2;gunned
1771;18;gust
1772;3;gusting
1773;3;gusts
1774;7;gusty
1775;7;gyro
1776;2;gyroscopicompass
1777;9;hail
1778;42;half
1779;3;halfway
1780;2;halifax
1781;2;hamilton
1782;26;hand
1783;11;handle
1784;8;handling
1785;2;haneda
1786;6;hanger
1787;12;happened
1788;10;harbor
1789;2;harcourt
1790;27;hard
1791;2;hardover
1792;5;harvard
1793;2;hatch
1794;5;havilland
1795;7;hawaii
1796;2;hawk
1797;5;hazard
1798;5;hazardous
1799;10;haze
1800;18;head
1801;13;headed
1802;36;heading
1803;2;heads
1804;3;headwind
1805;2;headwinds
1806;2;hear
1807;27;heard
1808;2;hearing
1809;8;heart
1810;8;heat
1811;10;heater
1812;4;heathrow
1813;2;heavier
1814;19;heavily
1815;205;heavy
1816;2;hedland
1817;5;heed
1818;2;heho
1819;98;height
1820;5;held
1821;2;helen
1822;186;helicopter
1823;17;helicopters
1824;2;helideck
1825;2;helilcopter
1826;5;help
1827;3;helped
1828;2;hendrick
1829;2;hidden
1830;247;high
1831;12;higher
1832;4;highest
1833;3;highlands
1834;16;highway
1835;21;hijacked
1836;13;hijacker
1837;12;hijackers
1838;5;hijacking
1839;130;hill
1840;11;hills
1841;29;hillside
1842;10;hilly
1843;3;hilo
1844;4;himalayas
1845;2;hindenburg
1846;4;hinge
1847;2;hire
1848;10;history
1849;229;hit
1850;22;hitting
1851;2;hk
1852;29;hold
1853;37;holding
1854;10;hole
1855;2;holes
1856;2;holly
1857;2;holy
1858;10;home
1859;3;homer
1860;7;homes
1861;2;homicide
1862;8;hong
1863;8;honolulu
1864;13;horizon
1865;4;horizons
1866;26;horizontal
1867;2;horizonte
1868;4;horn
1869;2;horta
1870;2;hose
1871;9;hospital
1872;2;hostages
1873;4;hot
1874;5;hotel
1875;30;hour
1876;35;hours
1877;35;house
1878;44;houses
1879;7;housing
1880;6;houston
1881;3;howard
1882;27;however
1883;2;howland
1884;2;hsinchu
1885;2;huambo
1886;2;huanuco
1887;2;huayna
1888;5;hub
1889;3;hudson
1890;2;hughes
1891;3;hull
1892;5;human
1893;6;humanitarian
1894;15;hundred
1895;2;hunt
1896;3;hurricane
1897;2;hurt
1898;4;husband
1899;2;hydrauliand
1900;4;hydraulics
1901;2;hydrauliemergency
1902;2;hydraulifailure
1903;5;hydraulifluid
1904;2;hydraulipump
1905;4;hydraulisystem
1906;2;hydraulisystems
1907;5;hydrogen
1908;2;hydroplaning
1909;2;hypoxia
1910;74;ice
1911;2;iced
1912;3;iceland
1913;134;icing
1914;4;icy
1915;2;identical
1916;8;identified
1917;11;identify
1918;9;idle
1919;2;idlewild
1920;125;ifr
1921;3;ignite
1922;16;ignited
1923;17;ignition
1924;7;ignored
1925;2;ignoring
1926;7;ii
1927;3;iii
1928;7;il
1929;3;ill
1930;3;illegal
1931;2;illinois
1932;3;illuminate
1933;2;illumination
1934;13;illusion
1935;3;illusions
1936;71;ils
1937;9;imbalance
1938;31;imc
1939;9;immediate
1940;38;immediately
1941;6;imminent
1942;52;impact
1943;64;impacted
1944;7;impacting
1945;5;impaired
1946;10;impairment
1947;2;imparement
1948;2;implement
1949;2;important
1950;4;imposed
1951;3;impossible
1952;3;imprecise
1953;2;impression
1954;212;improper
1955;33;improperly
1956;2;improve
1957;3;improved
1958;23;inability
1959;4;inaccurate
1960;5;inadequacy
1961;129;inadequate
1962;4;inadequately
1963;51;inadvertent
1964;22;inadvertently
1965;11;inappropriate
1966;2;inappropriately
1967;4;inattention
1968;2;inattentiveness
1969;5;inaugural
1970;5;inboard
1971;8;inbound
1972;3;incapable
1973;5;incapacitated
1974;3;incapacitating
1975;15;incapacitation
1976;2;inch
1977;3;incident
1978;5;inclement
1979;9;include
1980;21;included
1981;28;including
1982;3;incomplete
1983;41;incorrect
1984;16;incorrectly
1985;8;increase
1986;13;increased
1987;7;increasing
1988;4;india
1989;9;indian
1990;2;indians
1991;3;indicate
1992;23;indicated
1993;6;indicating
1994;14;indication
1995;16;indications
1996;12;indicator
1997;2;indicators
1998;2;indonesian
1999;19;induced
2000;2;ineffective
2001;3;inevitable
2002;9;inexperience
2003;2;inexperienced
2004;3;infant
2005;3;inflated
2006;17;inflight
2007;4;influence
2008;3;influenced
2009;29;information
2010;8;informed
2011;2;informing
2012;6;ingested
2013;11;ingestion
2014;2;inherent
2015;33;initial
2016;4;initially
2017;19;initiate
2018;46;initiated
2019;17;initiating
2020;2;initiation
2021;4;injection
2022;23;injured
2023;19;injuries
2024;4;injuring
2025;4;inlet
2026;2;inoperable
2027;22;inoperative
2028;3;input
2029;6;inputs
2030;3;inquiry
2031;2;insects
2032;15;inside
2033;3;inspect
2034;35;inspection
2035;3;inspections
2036;8;installation
2037;18;installed
2038;39;instead
2039;5;instructed
2040;3;instruction
2041;28;instructions
2042;12;instructor
2043;172;instrument
2044;2;instrumentation
2045;55;instruments
2046;50;insufficient
2047;6;insulation
2048;9;insurance
2049;4;intake
2050;2;integrity
2051;12;intended
2052;8;intense
2053;6;intensity
2054;2;intention
2055;10;intentional
2056;7;intentionally
2057;3;intentions
2058;8;intercept
2059;2;intercepted
2060;2;intercepting
2061;3;interference
2062;4;interior
2063;5;intermediate
2064;7;intermittent
2065;3;internal
2066;50;international
2067;4;interpret
2068;3;interpretation
2069;2;intersecting
2070;6;intersection
2071;2;interstate
2072;2;interval
2073;3;invasion
2074;2;inversion
2075;46;inverted
2076;2;investigate
2077;18;investigation
2078;6;investigators
2079;3;involuntary
2080;8;involved
2081;6;involving
2082;5;iowa
2083;4;iran
2084;6;iranian
2085;3;ireland
2086;4;irkutsk
2087;3;irregular
2088;3;irrigation
2089;2;isiro
2090;2;islamabad
2091;74;island
2092;7;islands
2093;3;isle
2094;2;isparta
2095;5;israeli
2096;4;issuance
2097;2;issue
2098;8;issued
2099;3;istanbul
2100;7;italian
2101;5;italy
2102;3;items
2103;2;iwo
2104;3;jack
2105;2;jackscrew
2106;4;jail
2107;3;jakarta
2108;2;jam
2109;3;jamaica
2110;3;james
2111;9;jammed
2112;7;jamming
2113;2;jane
2114;8;janeiro
2115;2;janerio
2116;4;january
2117;10;japan
2118;14;japanese
2119;4;jean
2120;6;jersey
2121;60;jet
2122;7;jetliner
2123;2;jets
2124;2;jettisoned
2125;2;jeweler
2126;5;jfk
2127;2;jim
2128;2;jima
2129;15;john
2130;2;johns
2131;2;johnson
2132;3;joint
2133;2;jorge
2134;5;jose
2135;3;joseph
2136;5;journalists
2137;3;journey
2138;3;jr
2139;10;juan
2140;3;judge
2141;29;judgement
2142;25;judgment
2143;2;juliana
2144;2;july
2145;7;jump
2146;3;jumped
2147;3;jumping
2148;2;june
2149;4;juneau
2150;47;jungle
2151;4;jungles
2152;3;kabul
2153;2;kai
2154;2;kalibo
2155;2;kanawha
2156;4;kandahar
2157;4;kano
2158;6;kansas
2159;5;karachi
2160;3;kariba
2161;2;kauai
2162;7;keep
2163;4;keeping
2164;11;kennedy
2165;3;kentucky
2166;2;kenya
2167;2;kerosene
2168;5;khartoum
2169;2;kilimanjaro
2170;5;kill
2171;324;killed
2172;57;killing
2173;2;kilograms
2174;2;kilometer
2175;8;kilometers
2176;3;kind
2177;6;king
2178;4;kinshasa
2179;3;kirksville
2180;6;klm
2181;68;km
2182;7;kms
2183;2;knew
2184;2;knocked
2185;4;knoll
2186;15;knots
2187;7;know
2188;6;knowing
2189;6;knowledge
2190;41;known
2191;2;kodiak
2192;4;koepcke
2193;8;kong
2194;2;korea
2195;6;korean
2196;2;krasnoyarsk
2197;2;kt
2198;4;kts
2199;3;kweilin
2200;2;kyrenia
2201;32;la
2202;141;lack
2203;4;lacked
2204;2;lacking
2205;4;laden
2206;4;lagoon
2207;3;lagos
2208;4;lajes
2209;75;lake
2210;2;lakehurst
2211;523;land
2212;113;landed
2213;734;landing
2214;8;landings
2215;2;language
2216;2;lanzhou
2217;2;lap
2218;16;large
2219;2;largely
2220;13;las
2221;52;last
2222;2;lasted
2223;2;latch
2224;3;latched
2225;3;latching
2226;21;late
2227;91;later
2228;9;lateral
2229;2;lauderdale
2230;2;lava
2231;10;lavatory
2232;2;lawrence
2233;4;lax
2234;8;layer
2235;9;lbs
2236;8;le
2237;7;lead
2238;6;leader
2239;49;leading
2240;13;leak
2241;3;leakage
2242;2;leaked
2243;7;leaking
2244;2;leaks
2245;9;leased
2246;7;least
2247;4;leave
2248;31;leaving
2249;2;lebanese
2250;118;led
2251;5;lee
2252;360;left
2253;15;leg
2254;2;legal
2255;6;legs
2256;4;length
2257;2;leningrad
2258;2;leon
2259;2;leone
2260;15;less
2261;5;let
2262;2;letdown
2263;85;level
2264;4;leveled
2265;5;leveling
2266;4;levels
2267;7;lever
2268;6;levers
2269;3;liberation
2270;2;libya
2271;2;libyan
2272;3;license
2273;3;lieutenant
2274;11;life
2275;20;lift
2276;13;lifted
2277;15;lifting
2278;11;liftoff
2279;37;light
2280;2;lighted
2281;14;lighting
2282;40;lightning
2283;51;lights
2284;2;likelihood
2285;32;likely
2286;4;lima
2287;16;limit
2288;13;limitations
2289;13;limited
2290;24;limits
2291;43;line
2292;3;lined
2293;51;lines
2294;3;link
2295;3;linkage
2296;3;lisbon
2297;2;list
2298;3;listed
2299;2;lists
2300;2;liter
2301;17;little
2302;13;load
2303;28;loaded
2304;15;loading
2305;9;loads
2306;2;lobe
2307;13;local
2308;3;localized
2309;17;localizer
2310;3;locate
2311;25;located
2312;12;location
2313;19;lock
2314;8;locked
2315;3;lockheed
2316;8;locking
2317;6;locks
2318;4;lodge
2319;4;lodged
2320;2;log
2321;4;logan
2322;10;london
2323;5;lone
2324;22;long
2325;3;longer
2326;4;longitudinal
2327;3;look
2328;2;looked
2329;5;looking
2330;12;lookout
2331;2;loop
2332;2;looping
2333;12;loose
2334;8;loosing
2335;2;lorient
2336;19;los
2337;37;lose
2338;57;losing
2339;333;loss
2340;346;lost
2341;10;loud
2342;2;louis
2343;4;louisiana
2344;306;low
2345;33;lower
2346;4;lowered
2347;4;lowering
2348;5;lt
2349;5;luanda
2350;2;lubricating
2351;4;lubrication
2352;2;lucapa
2353;2;lufthansa
2354;8;luggage
2355;2;luis
2356;2;lukla
2357;2;lumber
2358;2;lusaka
2359;2;luxor
2360;3;lying
2361;3;lyon
2362;6;maarten
2363;2;mach
2364;2;machine
2365;164;made
2366;2;madre
2367;4;madrid
2368;2;magneticompass
2369;3;magneto
2370;2;magsaysay
2371;47;mail
2372;58;main
2373;2;mainliner
2374;4;mainly
2375;206;maintain
2376;31;maintained
2377;11;maintaining
2378;91;maintenance
2379;2;maiquetia
2380;8;major
2381;2;majority
2382;120;make
2383;114;making
2384;3;male
2385;38;malfunction
2386;4;malfunctioned
2387;26;malfunctioning
2388;4;malfunctions
2389;2;malta
2390;16;man
2391;3;manacapuru
2392;2;manage
2393;6;managed
2394;24;management
2395;6;manager
2396;3;manaus
2397;2;manchester
2398;49;maneuver
2399;31;maneuvering
2400;10;maneuvers
2401;2;manifold
2402;12;manila
2403;2;manipulate
2404;14;manner
2405;3;manoeuvring
2406;15;manual
2407;5;manually
2408;5;manuals
2409;3;manufacture
2410;5;manufacturer
2411;3;manufacturing
2412;2;manuvers
2413;10;many
2414;2;maputo
2415;3;mar
2416;2;march
2417;2;marciano
2418;3;margin
2419;16;marginal
2420;13;maria
2421;4;marine
2422;2;mark
2423;3;marked
2424;9;marker
2425;5;market
2426;2;markings
2427;2;marsa
2428;3;marsh
2429;3;marshall
2430;2;martha
2431;5;martin
2432;4;maryland
2433;2;masks
2434;3;massachusetts
2435;4;massive
2436;5;mast
2437;3;master
2438;7;material
2439;3;matter
2440;4;maui
2441;2;mauritius
2442;28;maximum
2443;70;may
2444;12;mayday
2445;2;mccarran
2446;3;mcchord
2447;3;mcdonnell
2448;2;mcgrath
2449;2;mcguire
2450;7;md
2451;22;mda
2452;3;meadow
2453;7;means
2454;3;meanwhile
2455;5;measures
2456;27;mechanical
2457;2;mechanics
2458;12;mechanism
2459;2;mechaniwas
2460;2;medan
2461;14;medical
2462;10;mediterranean
2463;2;meet
2464;2;mehrabad
2465;3;mekong
2466;2;melting
2467;11;member
2468;50;members
2469;3;memorial
2470;8;men
2471;2;mendoza
2472;5;mental
2473;2;mentally
2474;3;merida
2475;34;message
2476;3;met
2477;14;metal
2478;45;meteorological
2479;2;meter
2480;30;meters
2481;2;method
2482;2;methods
2483;4;metres
2484;3;metroliner
2485;3;metropolitan
2486;3;mexican
2487;12;mexico
2488;8;mi
2489;11;miami
2490;10;michigan
2491;9;microburst
2492;2;microphone
2493;38;mid
2494;94;midair
2495;2;middle
2496;2;midspar
2497;6;midway
2498;4;midwest
2499;7;mig
2500;8;might
2501;2;migs
2502;3;miguel
2503;2;milan
2504;56;mile
2505;439;miles
2506;83;military
2507;2;mill
2508;2;miller
2509;2;million
2510;2;millville
2511;2;milne
2512;3;mimimum
2513;3;mine
2514;2;miners
2515;27;minima
2516;112;minimum
2517;15;minimums
2518;7;minister
2519;2;minnesota
2520;5;minor
2521;24;minute
2522;236;minutes
2523;2;misalignment
2524;2;miscalculated
2525;2;miscalculation
2526;3;misidentification
2527;7;misinterpretation
2528;2;misinterpreted
2529;31;misjudged
2530;5;misjudgement
2531;6;misjudgment
2532;2;misleading
2533;2;misled
2534;2;misloading
2535;5;mismanagement
2536;11;misread
2537;3;misreading
2538;3;miss
2539;66;missed
2540;39;missile
2541;6;missiles
2542;34;missing
2543;28;mission
2544;2;mississippi
2545;2;missouri
2546;8;mist
2547;7;mistake
2548;3;mistaken
2549;9;mistakenly
2550;4;mistook
2551;4;mistrimmed
2552;2;misty
2553;3;misunderstanding
2554;2;misunderstood
2555;3;misuse
2556;2;misused
2557;2;mixing
2558;4;mixture
2559;2;mobile
2560;11;mode
2561;4;model
2562;10;moderate
2563;4;modified
2564;2;mogadishu
2565;2;moines
2566;2;moisture
2567;3;molokai
2568;5;moment
2569;4;momentary
2570;12;moments
2571;2;mongu
2572;4;monica
2573;38;monitor
2574;18;monitoring
2575;6;monoxide
2576;4;monsoon
2577;2;mont
2578;2;monte
2579;5;month
2580;10;months
2581;6;montreal
2582;2;moon
2583;7;mooney
2584;6;morning
2585;4;mortar
2586;7;moscow
2587;3;mostly
2588;3;motel
2589;9;mother
2590;7;motor
2591;2;motors
2592;21;mount
2593;559;mountain
2594;99;mountainous
2595;121;mountains
2596;33;mountainside
2597;2;mountian
2598;2;move
2599;7;moved
2600;11;movement
2601;7;movie
2602;4;moving
2603;18;mph
2604;2;msaw
2605;5;msl
2606;121;mt
2607;8;much
2608;3;muddy
2609;2;muhammad
2610;7;multiple
2611;2;munich
2612;13;municipal
2613;2;munson
2614;3;murdered
2615;2;musician
2616;2;muslim
2617;5;nacelle
2618;3;nacelles
2619;2;nagoya
2620;96;named
2621;3;nang
2622;5;nantucket
2623;2;narcotics
2624;10;narrow
2625;3;nasa
2626;3;nascar
2627;2;nashville
2628;2;nationair
2629;27;national
2630;2;nationals
2631;5;nations
2632;2;nato
2633;2;natural
2634;6;nature
2635;4;nautical
2636;5;nav
2637;2;navaids
2638;3;navajo
2639;11;naval
2640;4;navigate
2641;2;navigating
2642;39;navigation
2643;58;navigational
2644;6;navigator
2645;17;navy
2646;3;nbc
2647;3;ndb
2648;9;ne
2649;130;near
2650;14;nearby
2651;2;neared
2652;4;nearest
2653;11;nearly
2654;10;necessary
2655;6;necessitated
2656;4;necessitating
2657;2;necessity
2658;3;need
2659;2;needed
2660;2;needle
2661;3;neglected
2662;6;negligence
2663;2;negligent
2664;17;neighborhood
2665;10;neither
2666;3;nelson
2667;2;nevado
2668;57;never
2669;50;new
2670;8;newark
2671;2;newfoundland
2672;5;newhall
2673;3;news
2674;2;newton
2675;16;next
2676;2;nha
2677;2;nicaraguan
2678;2;nice
2679;4;nicknamed
2680;139;night
2681;3;nighttime
2682;13;nine
2683;2;ninety
2684;2;nitro
2685;3;nitrogen
2686;44;nm
2687;10;noise
2688;50;non
2689;11;none
2690;3;nonprecision
2691;42;normal
2692;6;normally
2693;3;normandy
2694;79;north
2695;34;northeast
2696;2;northeastern
2697;2;northerly
2698;2;northern
2699;30;northwest
2700;2;northwestern
2701;2;norway
2702;142;nose
2703;17;nosed
2704;2;nosedive
2705;3;nosedived
2706;3;nosegear
2707;2;notam
2708;3;noted
2709;5;nothing
2710;5;notice
2711;5;noticed
2712;3;notify
2713;2;november
2714;6;ntsb
2715;3;nuclear
2716;22;number
2717;9;numerous
2718;2;nurse
2719;9;nut
2720;2;nuys
2721;4;nw
2722;2;oak
2723;5;oakland
2724;2;obispo
2725;5;object
2726;3;objects
2727;3;obscuration
2728;25;obscured
2729;4;observation
2730;8;observe
2731;45;observed
2732;3;observers
2733;2;observing
2734;12;obstacle
2735;3;obstacles
2736;9;obstructing
2737;12;obstruction
2738;14;obstructions
2739;9;obtain
2740;5;obtained
2741;2;obtaining
2742;3;occasions
2743;12;occupants
2744;3;occupied
2745;4;occur
2746;67;occurred
2747;12;occurrence
2748;2;occurrences
2749;2;occurring
2750;84;ocean
2751;2;offered
2752;53;officer
2753;2;officers
2754;9;official
2755;11;officially
2756;6;officials
2757;2;offs
2758;17;offshore
2759;4;ohio
2760;2;ohrid
2761;50;oil
2762;4;okinawa
2763;25;old
2764;5;omission
2765;8;onboard
2766;261;one
2767;5;ontario
2768;54;onto
2769;38;open
2770;10;opened
2771;11;opening
2772;7;operate
2773;14;operated
2774;31;operating
2775;64;operation
2776;13;operational
2777;22;operations
2778;21;operator
2779;2;operators
2780;2;opinion
2781;5;opportunity
2782;8;opposite
2783;2;opted
2784;5;optical
2785;3;options
2786;2;orchard
2787;13;order
2788;7;ordered
2789;2;orders
2790;2;organization
2791;6;orientation
2792;14;origin
2793;3;original
2794;2;originally
2795;10;originated
2796;2;originating
2797;5;orleans
2798;4;orly
2799;4;oro
2800;2;orville
2801;2;osbourne
2802;2;oscillation
2803;7;oscillations
2804;2;oshima
2805;3;oslo
2806;2;otay
2807;8;others
2808;2;otis
2809;2;ottawa
2810;6;otter
2811;10;outboard
2812;3;outbound
2813;2;outdated
2814;2;outeniqua
2815;16;outer
2816;3;output
2817;2;outs
2818;17;outside
2819;2;outskirts
2820;2;overan
2821;18;overcast
2822;6;overcome
2823;7;overconfidence
2824;2;overcorrected
2825;2;overcorrection
2826;2;overflowing
2827;2;overhang
2828;2;overhaul
2829;3;overhead
2830;7;overheated
2831;5;overheating
2832;3;overload
2833;64;overloaded
2834;7;overloading
2835;2;overlying
2836;2;overpressurization
2837;79;overran
2838;4;overrun
2839;8;overrunning
2840;14;overshoot
2841;7;overshooting
2842;26;overshot
2843;7;oversight
2844;5;overspeed
2845;14;overspeeding
2846;2;overstressed
2847;4;overstressing
2848;7;overturned
2849;7;overweight
2850;4;owned
2851;2;owner
2852;15;oxygen
2853;6;pa
2854;2;pacific
2855;14;pacifiocean
2856;2;package
2857;2;packing
2858;3;pad
2859;8;paddy
2860;2;pago
2861;2;paid
2862;4;pakistan
2863;4;pakistani
2864;3;palermo
2865;3;palestinian
2866;2;pali
2867;8;palm
2868;2;palmas
2869;2;palmdale
2870;2;pampa
2871;15;pan
2872;2;panamanian
2873;2;pancaked
2874;7;panel
2875;2;pango
2876;11;parachute
2877;7;parachuted
2878;2;parachutists
2879;3;parallel
2880;2;paramediand
2881;5;parameters
2882;2;paramo
2883;8;paratroopers
2884;14;paris
2885;16;park
2886;7;parked
2887;4;parking
2888;67;part
2889;9;partial
2890;9;partially
2891;4;participating
2892;7;particular
2893;2;particularly
2894;19;parts
2895;5;party
2896;33;pass
2897;2;passage
2898;10;passed
2899;107;passenger
2900;112;passengers
2901;8;passing
2902;2;passport
2903;32;past
2904;2;pastra
2905;2;pasture
2906;2;patch
2907;48;path
2908;3;patient
2909;3;patrol
2910;32;pattern
2911;3;patterns
2912;4;paul
2913;4;paulo
2914;2;paved
2915;2;paz
2916;2;pb
2917;2;pc
2918;3;pcu
2919;4;peacekeeping
2920;50;peak
2921;3;peaks
2922;2;pedal
2923;2;pedestrian
2924;2;pelee
2925;3;penetrate
2926;16;penetrated
2927;11;penetrating
2928;1;penetration
2929;1;penghu
2930;1;penh
2931;4;peninsula
2932;1;penitentiary
2933;3;pennsylvania
2934;1;pensacola
2935;1;pentagon
2936;1;penthouse
2937;1;penticton
2938;31;people
2939;1;peoples
2940;5;per
2941;1;pera
2942;2;perceive
2943;1;perceived
2944;5;perception
2945;10;perform
2946;28;performance
2947;14;performed
2948;19;performing
2949;1;perhaps
2950;1;perija
2951;1;peril
2952;10;perimeter
2953;10;period
2954;1;periodiinspection
2955;1;perm
2956;1;permissable
2957;1;permissible
2958;8;permission
2959;5;permit
2960;7;permitted
2961;1;permitting
2962;2;perpendicular
2963;3;perpignan
2964;5;persian
2965;3;persist
2966;1;persistent
2967;5;person
2968;5;personal
2969;1;personell
2970;30;personnel
2971;5;persons
2972;1;persuade
2973;2;perth
2974;3;peru
2975;2;peruvian
2976;1;pescadore
2977;1;peshawar
2978;2;peter
2979;1;peterborough
2980;1;peterson
2981;1;petrified
2982;2;petroleum
2983;1;petros
2984;1;pha
2985;1;phaleron
2986;3;phantom
2987;11;phase
2988;1;phenomena
2989;3;philadelphia
2990;2;philippine
2991;3;philippines
2992;2;phnom
2993;1;phongsavanh
2994;2;phosphorus
2995;1;photographers
2996;1;photographichase
2997;1;photographing
2998;1;phou
2999;4;phraseology
3000;10;physical
3001;1;physioiogical
3002;4;physiological
3003;2;pianist
3004;3;pic
3005;1;picasso
3006;1;pichincha
3007;11;pick
3008;1;picked
3009;2;picking
3010;1;pickle
3011;1;picniarea
3012;1;picnickers
3013;2;pico
3014;1;pictures
3015;1;pide
3016;2;piece
3017;13;pieces
3018;3;pier
3019;1;piesky
3020;1;pigafetta
3021;1;pigeons
3022;1;pike
3023;1;pilatus
3024;3;pile
3025;1;pilgrim
3026;1;pilgrims
3027;1;pillow
3028;1293;pilot
3029;4;piloted
3030;9;piloting
3031;137;pilots
3032;8;pin
3033;3;pine
3034;1;pinetos
3035;2;pinion
3036;2;pins
3037;1;pioneer
3038;2;pipe
3039;20;piper
3040;1;pipes
3041;1;pirate
3042;2;pisa
3043;2;pistol
3044;8;piston
3045;1;pit
3046;51;pitch
3047;33;pitched
3048;1;pitcher
3049;5;pitching
3050;2;pitchup
3051;11;pitot
3052;2;pitre
3053;1;pits
3054;2;pitting
3055;1;pittsburgh
3056;1;piura
3057;1;pivoted
3058;1;placard
3059;17;place
3060;28;placed
3061;2;placement
3062;3;placing
3063;22;plan
3064;1867;plane
3065;49;planes
3066;12;planned
3067;59;planning
3068;2;plans
3069;7;plant
3070;5;plantation
3071;4;planted
3072;2;planting
3073;1;plastiexplosive
3074;3;plata
3075;1;plate
3076;2;plateau
3077;5;platform
3078;2;platinum
3079;1;play
3080;2;playa
3081;4;played
3082;3;player
3083;2;players
3084;2;playground
3085;2;playing
3086;3;plot
3087;2;ploughed
3088;2;plow
3089;3;plowed
3090;2;plug
3091;6;plugs
3092;2;plume
3093;2;plummeted
3094;2;plundered
3095;26;plunged
3096;3;plunging
3097;2;pockets
3098;2;pod
3099;44;point
3100;3;pointed
3101;2;pointer
3102;1;pointing
3103;1;points
3104;1;poisoning
3105;1;pokhara
3106;1;poland
3107;14;pole
3108;6;poles
3109;1;poleta
3110;4;police
3111;4;policies
3112;4;policy
3113;1;polisario
3114;3;polish
3115;4;political
3116;1;pollution
3117;1;polytechnicollege
3118;3;pond
3119;2;ponta
3120;2;pontchartrain
3121;1;pontoon
3122;1;pool
3123;357;poor
3124;6;poorly
3125;3;pop
3126;1;popa
3127;3;popay
3128;1;pope
3129;1;popocatepetl
3130;1;popping
3131;2;populated
3132;3;porpoised
3133;1;porretta
3134;36;port
3135;2;portable
3136;5;portion
3137;2;portions
3138;2;portland
3139;2;porto
3140;2;ports
3141;1;portsmouth
3142;1;portugal
3143;92;position
3144;3;positional
3145;7;positioned
3146;42;positioning
3147;1;positionning
3148;3;positions
3149;11;positive
3150;1;positively
3151;1;positon
3152;1;possibilities
3153;10;possibility
3154;94;possible
3155;1;possiblity
3156;41;possibly
3157;5;post
3158;5;postal
3159;1;postcrash
3160;2;posts
3161;1;potato
3162;2;potential
3163;4;potentially
3164;1;potokari
3165;3;potomariver
3166;1;potosi
3167;2;potter
3168;7;pounds
3169;3;poured
3170;1;pouring
3171;255;power
3172;1;powered
3173;2;powerful
3174;2;powerline
3175;5;powerlines
3176;8;powerplant
3177;1;powerplants
3178;3;powers
3179;1;poza
3180;1;prabang
3181;7;practice
3182;2;practices
3183;8;practicing
3184;1;prague
3185;2;prairie
3186;1;prangli
3187;1;prank
3188;10;pre
3189;2;precarious
3190;1;precaution
3191;5;precautionary
3192;2;precedence
3193;4;preceding
3194;7;precipitated
3195;1;precipitating
3196;5;precipitation
3197;1;precipitous
3198;2;precise
3199;15;precision
3200;1;preclude
3201;5;precluded
3202;1;predeparture
3203;2;predicted
3204;2;preexisting
3205;21;preflight
3206;2;preignition
3207;1;prejudiced
3208;1;prelanding
3209;3;preliminary
3210;39;premature
3211;14;prematurely
3212;1;premier
3213;6;preoccupation
3214;8;preoccupied
3215;18;preparation
3216;2;preparations
3217;2;preparatory
3218;2;prepare
3219;15;prepared
3220;17;preparing
3221;1;prepatory
3222;1;preperation
3223;65;prescribed
3224;1;prescribled
3225;2;prescription
3226;11;presence
3227;3;present
3228;1;presented
3229;1;preservers
3230;17;president
3231;1;presidental
3232;1;presidential
3233;2;press
3234;1;pressed
3235;35;pressure
3236;1;pressures
3237;4;pressurization
3238;1;pressurizations
3239;2;pressurized
3240;1;preston
3241;1;prestwick
3242;1;presumably
3243;4;presumed
3244;1;pretakeoff
3245;8;prevailed
3246;10;prevailing
3247;14;prevent
3248;9;prevented
3249;3;preventing
3250;1;preventive
3251;10;previous
3252;3;previously
3253;1;primarily
3254;15;primary
3255;1;prime
3256;4;prince
3257;2;princess
3258;1;prinses
3259;55;prior
3260;2;priority
3261;4;prison
3262;4;prisoners
3263;2;pristina
3264;8;private
3265;3;pro
3266;1;probability
3267;34;probable
3268;26;probably
3269;1;probems
3270;1;probes
3271;38;problem
3272;42;problems
3273;1;proceded
3274;1;proceding
3275;22;procedural
3276;80;procedure
3277;161;procedures
3278;6;proceed
3279;4;proceeded
3280;10;proceeding
3281;7;process
3282;1;processing
3283;1;processor
3284;1;procuring
3285;1;prodromos
3286;3;produce
3287;5;produced
3288;1;producer
3289;3;producing
3290;1;production
3291;1;productions
3292;1;professional
3293;1;professionalism
3294;1;proficiency
3295;6;profile
3296;20;program
3297;1;programmed
3298;1;programming
3299;5;progress
3300;2;progressed
3301;6;progressive
3302;4;progressively
3303;1;prohibit
3304;5;prohibited
3305;3;project
3306;1;projection
3307;1;promoter
3308;1;promotion
3309;1;promotional
3310;5;prompted
3311;1;prompting
3312;1;promptly
3313;1;prompts
3314;1;proof
3315;20;prop
3316;2;propagated
3317;92;propeller
3318;15;propellers
3319;1;propellor
3320;65;proper
3321;57;properly
3322;1;proposed
3323;1;protect
3324;1;protecting
3325;5;protection
3326;4;proven
3327;22;provide
3328;11;provided
3329;1;providence
3330;1;providing
3331;1;province
3332;1;provinces
3333;1;proving
3334;2;provisions
3335;15;proximity
3336;1;prudent
3337;4;psa
3338;1;psycho
3339;2;psychological
3340;4;pt
3341;14;published
3342;9;puerto
3343;3;puget
3344;24;pull
3345;16;pulled
3346;4;pulling
3347;12;pump
3348;3;punctured
3349;4;purchased
3350;4;push
3351;6;pushed
3352;11;put
3353;3;putting
3354;11;pylon
3355;4;pyrenees
3356;2;qantas
3357;3;qfe
3358;4;qnh
3359;2;qualification
3360;11;qualified
3361;7;quality
3362;4;quantity
3363;2;quemoy
3364;12;quickly
3365;6;quit
3366;3;quito
3367;2;rabat
3368;2;race
3369;2;racing
3370;71;radar
3371;2;radial
3372;78;radio
3373;25;radioed
3374;2;radius
3375;3;raf
3376;2;raid
3377;2;rail
3378;2;railroad
3379;3;railway
3380;215;rain
3381;2;rainforest
3382;2;rainier
3383;3;rains
3384;20;rainstorm
3385;2;rainy
3386;2;raise
3387;7;raised
3388;2;raising
3389;3;ramon
3390;6;ramp
3391;74;ran
3392;3;randy
3393;40;range
3394;2;rangoon
3395;5;ranking
3396;21;rapid
3397;25;rapidly
3398;2;rashed
3399;74;rate
3400;13;rated
3401;2;rates
3402;19;rather
3403;2;ratio
3404;18;ravine
3405;2;rcaf
3406;4;rd
3407;9;re
3408;12;reach
3409;26;reached
3410;28;reaching
3411;3;react
3412;5;reaction
3413;2;reactionary
3414;5;read
3415;6;reading
3416;2;readings
3417;3;ready
3418;4;real
3419;10;realize
3420;7;realized
3421;2;realizing
3422;40;rear
3423;5;rearward
3424;418;reason
3425;2;reasonable
3426;106;reasons
3427;10;rebel
3428;37;rebels
3429;3;receive
3430;26;received
3431;4;receiver
3432;3;receivers
3433;5;receiving
3434;4;recent
3435;3;recently
3436;2;reception
3437;2;reckless
3438;2;recognition
3439;19;recognize
3440;10;recommended
3441;2;reconnaissance
3442;3;record
3443;7;recorder
3444;2;records
3445;26;recover
3446;25;recovered
3447;46;recovery
3448;5;red
3449;3;reduce
3450;43;reduced
3451;3;reducing
3452;7;reduction
3453;2;reeves
3454;43;reference
3455;7;references
3456;2;reflect
3457;2;refraction
3458;7;refuel
3459;7;refueling
3460;9;refused
3461;7;regain
3462;2;regained
3463;7;regarding
3464;2;regime
3465;13;region
3466;4;regional
3467;3;regions
3468;2;registered
3469;2;regulation
3470;12;regulations
3471;3;rejected
3472;27;related
3473;6;relating
3474;4;relation
3475;7;relative
3476;4;relatively
3477;3;relay
3478;4;release
3479;7;released
3480;2;reliance
3481;3;relied
3482;10;relief
3483;2;relight
3484;2;relit
3485;4;relying
3486;11;remain
3487;2;remainder
3488;13;remained
3489;17;remaining
3490;9;remains
3491;6;remedial
3492;2;remedy
3493;22;remote
3494;2;removal
3495;11;remove
3496;6;removed
3497;4;removing
3498;7;rendered
3499;5;rendering
3500;2;rental
3501;4;reoriented
3502;8;repair
3503;5;repaired
3504;3;repairs
3505;3;replace
3506;3;replaced
3507;4;replacement
3508;2;reply
3509;17;report
3510;127;reported
3511;3;reportedly
3512;17;reporting
3513;14;reports
3514;2;repositioning
3515;6;representative
3516;6;request
3517;11;requested
3518;3;requesting
3519;3;require
3520;34;required
3521;2;requirement
3522;10;requirements
3523;4;requiring
3524;14;rescue
3525;13;rescued
3526;2;rescuers
3527;3;reservoir
3528;2;residental
3529;19;residential
3530;4;resource
3531;4;respect
3532;10;respond
3533;6;responded
3534;16;response
3535;3;responsibilities
3536;5;responsibility
3537;3;responsible
3538;48;rest
3539;4;restart
3540;7;restarted
3541;2;restarting
3542;3;restaurant
3543;11;restricted
3544;2;restricting
3545;2;restrictions
3546;62;result
3547;4;resultant
3548;174;resulted
3549;124;resulting
3550;3;retain
3551;6;retract
3552;22;retracted
3553;13;retraction
3554;104;return
3555;18;returned
3556;44;returning
3557;2;rev
3558;16;revealed
3559;11;reversal
3560;33;reverse
3561;8;reversed
3562;12;reverser
3563;3;reversers
3564;2;review
3565;2;revine
3566;2;revoked
3567;2;rhoads
3568;2;ribs
3569;14;rice
3570;2;richardson
3571;3;rick
3572;5;rico
3573;6;ride
3574;52;ridge
3575;2;riding
3576;7;rig
3577;3;rigging
3578;329;right
3579;2;rikers
3580;6;ring
3581;15;rio
3582;2;ripping
3583;4;rise
3584;41;rising
3585;4;risk
3586;88;river
3587;15;road
3588;5;roadway
3589;6;robert
3590;3;robertson
3591;16;rock
3592;2;rockwell
3593;4;rocky
3594;14;rod
3595;3;rodeo
3596;2;roger
3597;2;rogers
3598;37;roll
3599;52;rolled
3600;9;rolling
3601;14;rome
3602;9;roof
3603;3;room
3604;4;roosevelt
3605;2;root
3606;2;ropes
3607;12;rose
3608;2;rotate
3609;7;rotated
3610;5;rotating
3611;18;rotation
3612;57;rotor
3613;3;rotors
3614;7;rough
3615;455;route
3616;7;routine
3617;5;row
3618;5;royal
3619;4;rpm
3620;4;rubber
3621;58;rudder
3622;9;rugged
3623;18;rules
3624;4;rumors
3625;18;run
3626;2;runaway
3627;30;running
3628;917;runway
3629;5;runways
3630;2;rupture
3631;14;ruptured
3632;2;rural
3633;3;rushed
3634;21;russian
3635;2;ruteng
3636;4;rwy
3637;2;sa
3638;2;saab
3639;10;sabotage
3640;74;safe
3641;46;safely
3642;39;safety
3643;19;said
3644;5;saigon
3645;21;salt
3646;2;salvador
3647;6;sam
3648;50;san
3649;2;sanctuary
3650;6;sand
3651;2;sandoway
3652;14;sandstorm
3653;2;sanford
3654;40;sank
3655;18;santa
3656;6;santiago
3657;2;santo
3658;8;sao
3659;3;sas
3660;2;saudi
3661;3;save
3662;17;saw
3663;4;say
3664;5;saying
3665;2;scan
3666;8;scattered
3667;5;scattering
3668;2;schedule
3669;33;scheduled
3670;2;schiphol
3671;12;school
3672;2;scoop
3673;2;scrambled
3674;3;scraped
3675;2;screen
3676;4;screens
3677;2;screw
3678;5;se
3679;223;sea
3680;2;seam
3681;8;seaplane
3682;6;search
3683;2;searched
3684;6;searching
3685;6;seas
3686;30;seat
3687;2;seatbelt
3688;3;seattle
3689;2;seawall
3690;74;second
3691;6;secondary
3692;45;seconds
3693;4;secretary
3694;28;section
3695;3;sections
3696;2;sector
3697;4;secure
3698;5;secured
3699;3;securing
3700;6;security
3701;50;see
3702;5;seeing
3703;2;seeking
3704;2;seemed
3705;25;seen
3706;6;segment
3707;2;seized
3708;3;seizure
3709;3;select
3710;10;selected
3711;5;selection
3712;13;selector
3713;5;self
3714;2;selfridge
3715;3;seminole
3716;6;senator
3717;2;send
3718;6;sending
3719;2;sensor
3720;6;sensory
3721;3;sent
3722;2;sentence
3723;2;sentenced
3724;7;separate
3725;52;separated
3726;4;separating
3727;57;separation
3728;2;september
3729;5;sequence
3730;2;serano
3731;9;series
3732;8;serious
3733;13;seriously
3734;3;serra
3735;26;service
3736;3;serviced
3737;3;servicemen
3738;3;services
3739;8;servo
3740;25;set
3741;22;setting
3742;7;settled
3743;2;settling
3744;24;seven
3745;5;seventeen
3746;8;seventy
3747;2;sever
3748;56;several
3749;126;severe
3750;5;severed
3751;7;severely
3752;4;severing
3753;6;severity
3754;7;shaft
3755;2;shake
3756;6;shaker
3757;2;shaking
3758;26;shallow
3759;2;shamal
3760;4;shanghai
3761;5;shannon
3762;11;sharp
3763;15;sharply
3764;3;shear
3765;7;sheared
3766;5;shearing
3767;4;shell
3768;2;shenandoah
3769;2;sheremetyevo
3770;7;shift
3771;15;shifted
3772;5;shifting
3773;12;ship
3774;2;shiraz
3775;2;shook
3776;3;shooting
3777;15;shore
3778;4;shoreline
3779;302;short
3780;2;shortcomings
3781;346;shortly
3782;149;shot
3783;2;shots
3784;3;shoulder
3785;1;shouting
3786;10;show
3787;16;showed
3788;6;shower
3789;12;showers
3790;2;showing
3791;1;shown
3792;1;shows
3793;1;shredding
3794;3;shreveport
3795;1;shroud
3796;11;shrouded
3797;1;shue
3798;1;shur
3799;32;shut
3800;1;shutdown
3801;1;shuting
3802;2;shutoff
3803;1;shuttered
3804;5;shutting
3805;1;shuttling
3806;1;shy
3807;1;siagon
3808;1;siberian
3809;1;sibir
3810;1;sibu
3811;3;sick
3812;2;sid
3813;95;side
3814;1;sidebeam
3815;1;sides
3816;2;sideslip
3817;1;sideswiped
3818;3;sideways
3819;10;sierra
3820;1;sierre
3821;1;sifting
3822;13;sight
3823;2;sighted
3824;2;sighting
3825;1;sightly
3826;29;sightseeing
3827;3;sign
3828;7;signal
3829;4;signals
3830;4;significant
3831;3;significantly
3832;3;signs
3833;1;sihanoukville
3834;1;sikorski
3835;2;sikorsky
3836;1;silencio
3837;1;silla
3838;1;silo
3839;1;silt
3840;1;simara
3841;1;similar
3842;2;simon
3843;1;simple
3844;9;simulated
3845;1;simulating
3846;1;simulation
3847;2;simulator
3848;5;simultaneously
3849;2;sinai
3850;2;sinatra
3851;5;since
3852;1;sincholagua
3853;1;singapore
3854;16;singer
3855;1;singers
3856;24;single
3857;1;singley
3858;18;sink
3859;4;sinking
3860;2;sioux
3861;4;sir
3862;2;sister
3863;15;site
3864;1;sites
3865;1;sitting
3866;2;sittwe
3867;1;situated
3868;22;situation
3869;10;situational
3870;2;situations
3871;25;six
3872;4;sixteen
3873;1;sixth
3874;3;sixty
3875;2;size
3876;1;skagon
3877;1;skating
3878;1;skeleton
3879;3;skid
3880;19;skidded
3881;3;skidding
3882;1;skids
3883;1;skied
3884;2;skiers
3885;3;skies
3886;1;skiing
3887;3;skill
3888;4;skin
3889;1;skipped
3890;1;skipper
3891;1;skniliv
3892;1;skopje
3893;2;skull
3894;4;sky
3895;2;skydivers
3896;2;skydiving
3897;1;skyguide
3898;1;skynyrd
3899;2;skywest
3900;1;slab
3901;1;slamed
3902;8;slammed
3903;2;slamming
3904;2;slat
3905;11;slats
3906;4;sleep
3907;5;sleet
3908;2;slept
3909;2;slick
3910;31;slid
3911;6;slide
3912;5;sliding
3913;5;slight
3914;5;slightly
3915;2;slip
3916;5;slipped
3917;43;slope
3918;14;slopes
3919;1;sloping
3920;12;slow
3921;5;slowed
3922;2;slowing
3923;5;slowly
3924;1;slumped
3925;1;slush
3926;37;small
3927;4;smashed
3928;4;smith
3929;43;smoke
3930;2;smooth
3931;1;smuts
3932;1;snag
3933;1;snagged
3934;1;snap
3935;109;snow
3936;1;snowbank
3937;1;snowdon
3938;37;snowstorm
3939;5;snowy
3940;1;snyder
3941;1;sobat
3942;12;soccer
3943;2;sochi
3944;1;soesterberg
3945;4;soft
3946;1;softner
3947;2;software
3948;1;sokotu
3949;1;sol
3950;1;solano
3951;2;soldier
3952;5;soldiers
3953;1;soleil
3954;1;solely
3955;1;solid
3956;1;solimoes
3957;1;solo
3958;1;somatograviillusion
3959;1;somehow
3960;1;someone
3961;1;somerset
3962;4;something
3963;1;sometime
3964;2;somewhere
3965;11;son
3966;2;song
3967;1;songwriter
3968;1;sonny
3969;45;soon
3970;2;sooner
3971;1;sopena
3972;1;sophia
3973;1;sops
3974;1;sorido
3975;1;sort
3976;1;sotrang
3977;10;sound
3978;10;sounded
3979;1;soundman
3980;4;sounds
3981;11;source
3982;3;sources
3983;68;south
3984;1;southampton
3985;19;southeast
3986;1;southeasterly
3987;1;southeastern
3988;2;southerly
3989;12;southern
3990;26;southwest
3991;1;southwestern
3992;1;sovereign
3993;9;soviet
3994;1;soybean
3995;5;space
3996;1;spacer
3997;1;spacial
3998;5;spain
3999;1;spanish
4000;1;spanning
4001;10;spar
4002;1;spare
4003;7;spark
4004;1;sparked
4005;1;sparks
4006;1;sparrevohn
4007;2;spars
4008;45;spatial
4009;4;spatially
4010;1;speak
4011;1;speaking
4012;5;special
4013;1;specialist
4014;1;specifiair
4015;2;specifically
4016;2;specifications
4017;1;specifidirection
4018;6;specified
4019;1;specifigravity
4020;1;spectators
4021;1;speculate
4022;1;speculated
4023;3;speculation
4024;1;speech
4025;164;speed
4026;1;speeder
4027;3;speeds
4028;4;spencer
4029;35;spin
4030;5;spindle
4031;5;spinning
4032;2;spins
4033;17;spiral
4034;6;spiraled
4035;2;spiraling
4036;1;spiritual
4037;2;spite
4038;1;spitfire
4039;1;spitzkop
4040;1;spla
4041;5;split
4042;2;splitting
4043;8;spoiler
4044;6;spoilers
4045;1;spoken
4046;2;spontaneous
4047;1;spontaneously
4048;1;sports
4049;1;spot
4050;1;spotlight
4051;1;spotting
4052;2;sprag
4053;2;sprags
4054;1;spray
4055;1;sprayed
4056;11;spread
4057;3;spring
4058;1;springfield
4059;8;springs
4060;1;sprocket
4061;3;spun
4062;1;spur
4063;1;sputtering
4064;1;spy
4065;1;sq
4066;3;squadron
4067;6;squall
4068;7;square
4069;2;sse
4070;34;st
4071;2;stabbed
4072;5;stabilized
4073;34;stabilizer
4074;2;stable
4075;5;staff
4076;15;stage
4077;9;stages
4078;120;stall
4079;163;stalled
4080;11;stalling
4081;26;standard
4082;11;standards
4083;4;standby
4084;2;stansted
4085;10;star
4086;28;starboard
4087;2;starlings
4088;7;start
4089;36;started
4090;4;starter
4091;7;starting
4092;32;starvation
4093;18;state
4094;21;stated
4095;3;staten
4096;4;states
4097;2;staticonditions
4098;3;statidischarge
4099;3;stating
4100;28;station
4101;2;statiports
4102;2;stay
4103;6;stayed
4104;3;steady
4105;3;steel
4106;92;steep
4107;2;steepened
4108;6;steeply
4109;2;steer
4110;4;steered
4111;2;steering
4112;2;step
4113;1;stevens
4114;2;stevie
4115;3;steward
4116;3;stewardess
4117;2;stewart
4118;10;stick
4119;20;still
4120;2;stipulated
4121;2;stone
4122;44;stop
4123;4;stoppage
4124;14;stopped
4125;3;stopping
4126;4;storage
4127;2;stored
4128;49;storm
4129;4;stormed
4130;3;storms
4131;4;stormy
4132;7;story
4133;3;stowed
4134;9;straight
4135;7;strait
4136;3;strapped
4137;2;strategies
4138;10;strayed
4139;2;stream
4140;3;street
4141;2;strength
4142;10;stress
4143;2;stressed
4144;4;stresses
4145;2;strewn
4146;3;stricken
4147;14;strike
4148;39;striking
4149;15;strip
4150;57;strong
4151;3;strongly
4152;510;struck
4153;51;structural
4154;15;structure
4155;2;structures
4156;5;struggle
4157;3;struggled
4158;5;stuck
4159;3;student
4160;3;students
4161;4;studs
4162;3;su
4163;2;sub
4164;3;subjected
4165;3;submarine
4166;3;submerged
4167;44;subsequent
4168;21;subsequently
4169;2;substandard
4170;4;substantial
4171;4;substantially
4172;2;suburb
4173;2;success
4174;8;successful
4175;10;successfully
4176;4;succession
4177;4;succumbed
4178;2;suck
4179;12;sucked
4180;6;sudan
4181;22;sudden
4182;35;suddenly
4183;45;suffered
4184;3;suffering
4185;42;sufficient
4186;3;sufficiently
4187;2;suggest
4188;3;suggests
4189;13;suicide
4190;10;suitable
4191;2;summer
4192;20;summit
4193;2;sun
4194;2;sundance
4195;2;sunk
4196;5;supervise
4197;13;supervision
4198;3;supplemental
4199;5;supplied
4200;7;supplies
4201;12;supply
4202;10;support
4203;2;supporting
4204;2;supposed
4205;4;suppressed
4206;2;sure
4207;48;surface
4208;10;surfaces
4209;2;surges
4210;4;surrounded
4211;16;surrounding
4212;8;surveillance
4213;2;survey
4214;2;surveying
4215;31;survived
4216;4;surviving
4217;19;survivor
4218;16;survivors
4219;2;susceptible
4220;12;suspected
4221;2;suspended
4222;1;suspension
4223;1;suspiciously
4224;7;sustained
4225;1;sverre
4226;11;sw
4227;1;swachplate
4228;19;swamp
4229;1;swamps
4230;2;swampy
4231;1;swans
4232;1;swarms
4233;1;swearing
4234;1;swearingen
4235;1;sweden
4236;3;swedish
4237;1;sweers
4238;1;swept
4239;1;swerve
4240;7;swerved
4241;3;swimming
4242;2;swing
4243;1;swings
4244;4;swiss
4245;12;switch
4246;5;switched
4247;1;switches
4248;1;switching
4249;3;switzerland
4250;1;swung
4251;4;sydney
4252;1;symbolisurrender
4253;1;symmetrically
4254;1;symmetry
4255;1;synchronization
4256;1;syria
4257;1;syrian
4258;138;system
4259;16;systems
4260;1;ta
4261;8;tab
4262;1;tabalazo
4263;1;tabayowhile
4264;3;table
4265;1;tabor
4266;1;tabs
4267;1;tabubil
4268;1;tachikawa
4269;1;tachilek
4270;1;tacloban
4271;1;tadeusz
4272;1;tagbao
4273;1;taigetos
4274;74;tail
4275;8;tailplane
4276;1;tailspin
4277;1;tailstrike
4278;5;tailwind
4279;1;tailwinds
4280;4;taipei
4281;1;taiwan
4282;1;tajonar
4283;1;tajumbina
4284;1;tak
4285;142;take
4286;20;taken
4287;548;takeoff
4288;1;takeoffs
4289;536;taking
4290;3;takoff
4291;1;talisman
4292;1;talk
4293;1;talkativeness
4294;1;talked
4295;1;talkeetna
4296;1;talkeoff
4297;2;talking
4298;1;tall
4299;1;talladega
4300;2;tallinn
4301;1;talpa
4302;1;talsula
4303;1;tamanrasset
4304;1;tamara
4305;1;tamatave
4306;2;tame
4307;1;tamgas
4308;4;tamil
4309;1;tampa
4310;1;tamworth
4311;1;tan
4312;2;tandem
4313;47;tank
4314;23;tanks
4315;3;tape
4316;3;tapes
4317;1;taquari
4318;1;tarbat
4319;7;target
4320;1;targus
4321;1;tarmaand
4322;1;tarmaat
4323;1;tarmaby
4324;1;tarmac
4325;1;tarmaexploding
4326;1;tarraz
4327;2;task
4328;1;tauranga
4329;16;taxi
4330;4;taxied
4331;3;taxiing
4332;6;taxing
4333;6;taxiway
4334;2;taylor
4335;4;tcas
4336;27;team
4337;1;teams
4338;1;teamwork
4339;4;tearing
4340;1;techint
4341;10;technical
4342;8;technique
4343;4;techniques
4344;1;technology
4345;1;ted
4346;1;teddy
4347;1;teenager
4348;1;teeth
4349;1;tefe
4350;1;tehachapi
4351;3;tehran
4352;1;tel
4353;1;telecommunication
4354;1;telegraph
4355;3;telephone
4356;2;tell
4357;3;telling
4358;6;temperature
4359;3;temperatures
4360;2;temporarily
4361;4;temporary
4362;12;ten
4363;2;tenerife
4364;1;tennessee
4365;3;tension
4366;1;tepuy
4367;2;term
4368;11;terminal
4369;1;terminated
4370;1;termination
4371;1;terracina
4372;297;terrain
4373;1;terrifying
4374;1;territorial
4375;5;territory
4376;2;terrorism
4377;5;terrorist
4378;5;terrorists
4379;27;test
4380;3;tested
4381;3;testing
4382;2;tests
4383;1;tete
4384;6;texas
4385;1;texel
4386;1;tezzeron
4387;12;th
4388;2;thai
4389;1;thani
4390;1;thatched
4391;1;theatrical
4392;3;theorized
4393;10;thereafter
4394;4;thereby
4395;2;therefore
4396;1;thereon
4397;3;thermal
4398;7;thick
4399;2;thin
4400;4;thinking
4401;38;third
4402;6;thirteen
4403;18;thirty
4404;1;thoa
4405;4;thomas
4406;1;thorburn
4407;1;thormanby
4408;1;thornton
4409;8;though
4410;15;thought
4411;2;thread
4412;3;threads
4413;106;three
4414;37;threshold
4415;2;threw
4416;13;throttle
4417;1;throttled
4418;10;throttles
4419;5;throughout
4420;1;throw
4421;1;throwing
4422;7;thrown
4423;2;thru
4424;54;thrust
4425;1;thruster
4426;1;thrusting
4427;1;thump
4428;3;thunder
4429;1;thundersquall
4430;89;thunderstorm
4431;57;thunderstorms
4432;1;thurman
4433;8;thus
4434;1;thutmosis
4435;4;tidal
4436;3;tide
4437;3;till
4438;2;tilted
4439;150;time
4440;19;timely
4441;18;times
4442;2;timing
4443;2;tin
4444;2;tingo
4445;20;tip
4446;24;tire
4447;5;tires
4448;4;together
4449;3;toilet
4450;15;tokyo
4451;20;told
4452;2;toledo
4453;3;toll
4454;3;tom
4455;2;tones
4456;6;tons
4457;2;tony
4458;135;took
4459;2;tool
4460;27;top
4461;21;tops
4462;9;tore
4463;5;torn
4464;5;tornado
4465;2;toro
4466;3;toronto
4467;3;torque
4468;2;torrential
4469;2;toss
4470;20;total
4471;2;totaling
4472;2;totally
4473;18;touch
4474;17;touchdown
4475;37;touched
4476;3;touching
4477;16;tour
4478;8;tourists
4479;12;toward
4480;33;towards
4481;69;tower
4482;3;towers
4483;12;town
4484;3;trabzon
4485;11;trace
4486;3;traces
4487;18;track
4488;2;tracking
4489;2;tractor
4490;2;trade
4491;11;traffic
4492;9;trafficontrol
4493;13;trafficontroller
4494;5;trafficontrollers
4495;7;traffipattern
4496;8;trailing
4497;2;trained
4498;10;trainee
4499;2;trainees
4500;2;trainer
4501;78;training
4502;2;trang
4503;4;trans
4504;7;transfer
4505;6;transferred
4506;7;transition
4507;12;transmission
4508;5;transmissions
4509;2;transmit
4510;12;transmitted
4511;3;transmitting
4512;5;transponder
4513;23;transport
4514;4;transportation
4515;1;transported
4516;10;transporting
4517;6;trapped
4518;1;trapping
4519;5;travel
4520;9;traveling
4521;1;traverse
4522;1;traversing
4523;5;travis
4524;1;treacherous
4525;1;tread
4526;1;treatment
4527;45;tree
4528;271;trees
4529;2;treetops
4530;1;trek
4531;1;trekking
4532;1;trelease
4533;7;tri
4534;4;trial
4535;1;triangle
4536;1;tribaud
4537;1;tribhuvan
4538;1;tricolori
4539;1;trident
4540;94;tried
4541;1;trigger
4542;2;triggered
4543;35;trim
4544;1;trimmer
4545;14;trip
4546;2;triple
4547;2;tripoli
4548;1;tripping
4549;1;troop
4550;12;troops
4551;3;tropical
4552;42;trouble
4553;1;troubled
4554;1;troubling
4555;7;truck
4556;4;trucks
4557;1;true
4558;2;trujillo
4559;1;truk
4560;1;trumpet
4561;10;try
4562;45;trying
4563;2;tshikapa
4564;1;tsinan
4565;3;tu
4566;1;tuam
4567;4;tube
4568;1;tug
4569;1;tujuana
4570;1;tulc
4571;1;tulua
4572;1;tumble
4573;1;tumbling
4574;1;tunas
4575;2;tundra
4576;2;tuned
4577;2;tunis
4578;1;tunisia
4579;12;tupolev
4580;2;tupolov
4581;1;tupungato
4582;1;tura
4583;17;turbine
4584;1;turbo
4585;4;turbocharger
4586;3;turboprop
4587;138;turbulence
4588;8;turbulent
4589;1;turf
4590;3;turin
4591;4;turkey
4592;2;turkish
4593;1;turks
4594;187;turn
4595;2;turnaround
4596;45;turned
4597;2;turner
4598;24;turning
4599;1;turnout
4600;1;turnpike
4601;4;turns
4602;1;tutsi
4603;2;tv
4604;5;twa
4605;9;twelve
4606;21;twenty
4607;15;twice
4608;2;twilight
4609;18;twin
4610;1;twitchell
4611;287;two
4612;29;type
4613;5;typhoon
4614;2;tyrrhenian
4615;1;ugu
4616;1;ukraine
4617;3;ukrainian
4618;1;ul
4619;5;ultimately
4620;73;unable
4621;2;unairworthy
4622;7;unauthorized
4623;3;unaware
4624;1;unawareness
4625;1;unbalance
4626;1;unbalanced
4627;1;unbalancing
4628;1;uncertain
4629;2;uncertainties
4630;2;uncertainty
4631;9;uncommanded
4632;1;uncompahgre
4633;1;unconcious
4634;3;unconscious
4635;1;unconsciousness
4636;2;uncontained
4637;1;uncontroable
4638;1;uncontrolable
4639;1;uncontroled
4640;1;uncontrollability
4641;32;uncontrollable
4642;1;uncontrollably
4643;29;uncontrolled
4644;2;uncoordinated
4645;1;undercarriage
4646;3;underestimated
4647;1;underestimation
4648;1;undergone
4649;2;underlying
4650;1;undershooting
4651;22;undershot
4652;1;underside
4653;1;undersized
4654;2;understand
4655;1;understandably
4656;4;understanding
4657;1;understatement
4658;2;understood
4659;4;undertake
4660;1;undertaking
4661;1;underwent
4662;13;undetected
4663;116;undetermined
4664;1;undisclosed
4665;1;undiscovered
4666;1;undocumented
4667;5;unexpected
4668;3;unexplained
4669;2;unfamiliar
4670;4;unfamiliarity
4671;8;unfavorable
4672;2;unfeathered
4673;2;unintelligible
4674;6;unintentional
4675;3;unintentionally
4676;2;union
4677;16;unit
4678;11;unita
4679;21;united
4680;6;university
4681;120;unknown
4682;3;unlighted
4683;2;unlit
4684;2;unlocked
4685;2;unmarked
4686;2;unnecessary
4687;4;unnoticed
4688;4;unoccupied
4689;2;unpressurised
4690;3;unreliable
4691;10;unsafe
4692;2;unserviceability
4693;8;unstabilized
4694;3;unstable
4695;8;unsuccessful
4696;5;unsuitable
4697;9;unusual
4698;3;unusually
4699;5;unwanted
4700;2;unwarranted
4701;3;unwise
4702;3;updrafts
4703;26;upon
4704;10;upper
4705;3;upside
4706;2;upslope
4707;3;upsloping
4708;2;upward
4709;2;upwards
4710;4;uruapan
4711;7;us
4712;4;usair
4713;88;use
4714;46;used
4715;2;user
4716;19;using
4717;2;usual
4718;3;utah
4719;4;utc
4720;2;utility
4721;2;utilize
4722;2;utilizing
4723;4;vacant
4724;2;vacation
4725;4;valencia
4726;3;valens
4727;23;valley
4728;2;value
4729;22;valve
4730;3;valves
4731;5;van
4732;10;vancouver
4733;3;vanished
4734;2;vapor
4735;5;vapors
4736;3;various
4737;3;ve
4738;2;vectoring
4739;2;vectors
4740;6;veer
4741;33;veered
4742;7;vegas
4743;11;vehicle
4744;10;vehicles
4745;3;venezuelan
4746;6;vent
4747;5;vented
4748;2;verde
4749;2;verification
4750;4;verify
4751;32;vertical
4752;5;vertically
4753;2;vesna
4754;2;vests
4755;231;vfr
4756;5;via
4757;17;vibration
4758;5;vibrations
4759;13;vicinity
4760;2;victim
4761;11;victims
4762;2;victor
4763;4;victoria
4764;2;vienna
4765;3;vietnam
4766;3;vietnamese
4767;9;view
4768;5;vigilance
4769;6;viking
4770;12;village
4771;3;villagers
4772;3;villavicencio
4773;3;vimorrow
4774;5;vincennes
4775;2;vineyard
4776;2;violation
4777;3;violations
4778;17;violent
4779;5;violently
4780;3;violinist
4781;3;virginia
4782;6;viscount
4783;179;visibility
4784;4;visible
4785;2;visiblity
4786;2;vision
4787;139;visual
4788;2;visually
4789;4;voice
4790;17;volcano
4791;2;volleyball
4792;4;voltage
4793;2;von
4794;2;voodoo
4795;27;vor
4796;7;vortex
4797;2;vr
4798;2;vulture
4799;3;wait
4800;2;waited
4801;7;waiting
4802;16;wake
4803;2;walked
4804;20;wall
4805;2;walter
4806;2;wanted
4807;12;war
4808;2;warn
4809;6;warned
4810;73;warning
4811;19;warnings
4812;3;warsaw
4813;2;wash
4814;3;washer
4815;11;washington
4816;2;wasn
4817;178;water
4818;2;waterfall
4819;10;waters
4820;12;wave
4821;2;waved
4822;2;waves
4823;32;way
4824;2;wayne
4825;5;weakened
4826;4;weakening
4827;5;wear
4828;2;wearing
4829;606;weather
4830;2;weekly
4831;3;weeks
4832;37;weight
4833;24;well
4834;3;wellington
4835;106;went
4836;2;wenzhou
4837;49;west
4838;15;western
4839;7;wet
4840;2;wheat
4841;18;wheel
4842;4;wheeled
4843;8;wheels
4844;6;whether
4845;1;whipped
4846;1;whirl
4847;2;whistling
4848;8;white
4849;1;whitefield
4850;1;whiteness
4851;12;whiteout
4852;1;whitey
4853;1;whitney
4854;1;whole
4855;1;whose
4856;1;whuan
4857;3;whyalla
4858;2;wichita
4859;1;wicks
4860;12;wide
4861;1;widely
4862;1;wien
4863;9;wife
4864;1;wigan
4865;1;wight
4866;1;wildly
4867;1;wiley
4868;1;wilkes
4869;1;willfully
4870;5;william
4871;2;williamsport
4872;1;williston
4873;1;willow
4874;1;wilmington
4875;1;wilson
4876;44;wind
4877;1;windmill
4878;2;windmilling
4879;7;window
4880;3;windows
4881;75;winds
4882;1;windscreen
4883;52;windshear
4884;10;windshield
4885;1;windsock
4886;1;windsor
4887;2;windy
4888;281;wing
4889;1;winged
4890;1;wingman
4891;48;wings
4892;6;wingtip
4893;1;wingtips
4894;1;winnebago
4895;1;winning
4896;1;winnipeg
4897;2;winston
4898;4;winter
4899;1;wipers
4900;5;wire
4901;14;wires
4902;8;wiring
4903;1;wished
4904;19;within
4905;91;without
4906;14;witness
4907;38;witnesses
4908;1;wladyslaw
4909;1;wnw
4910;2;wobble
4911;1;wolfgang
4912;1;wolfman
4913;1;wolper
4914;1;woltape
4915;7;woman
4916;3;women
4917;3;won
4918;1;wood
4919;61;wooded
4920;2;wooden
4921;1;woodlands
4922;1;woodley
4923;5;woods
4924;1;woodward
4925;1;word
4926;3;words
4927;1;wore
4928;5;work
4929;2;worked
4930;5;worker
4931;11;workers
4932;12;working
4933;3;workload
4934;6;world
4935;1;worms
4936;3;worn
4937;1;worries
4938;4;worse
4939;3;worsening
4940;4;worst
4941;4;worth
4942;28;would
4943;1;wouldn
4944;2;wounded
4945;1;wrap
4946;104;wreckage
4947;1;wrenching
4948;2;wright
4949;45;wrong
4950;2;wv
4951;4;yak
4952;1;yakovlev
4953;2;yakutat
4954;1;yale
4955;1;yankee
4956;3;yard
4957;19;yards
4958;1;yasirua
4959;9;yaw
4960;9;yawed
4961;1;yawing
4962;22;year
4963;22;years
4964;1;ynez
4965;1;yogyakarta
4966;1;yoido
4967;8;yoke
4968;1;yokotsu
4969;1;yongai
4970;1;yopal
4971;24;york
4972;1;yorker
4973;3;young
4974;1;youngblood
4975;1;youngest
4976;1;yousef
4977;1;ys
4978;1;yt
4979;1;yuan
4980;1;yunque
4981;2;yuri
4982;1;za
4983;1;zambia
4984;1;zambian
4985;1;zant
4986;1;zaragoza
4987;1;zarate
4988;1;zealand
4989;14;zero
4990;1;zia
4991;1;zimathan
4992;1;zimbabwe
4993;1;zk
4994;1;zlat
4995;6;zone
4996;1;zones
4997;2;zue
4998;1;zulia
4999;6;zurich
